plaintext,ciphertext,cipher_type,key,ciphertext_length,avg_char_freq,unique_chars
this is a secret message number 0,UGYYh VSB  IKREEG LUYNHGR MKSQRR 0,vigenere,bzqgpnan,34,1.8888888888888888,18
this is a secret message number 1,GqVF VF N FRPERG ZRFFNTR AHORE 1,caesar,13,32,2.1333333333333333,15
this is a secret message number 2,LZAK AK SKWUJWL EWaKdYW FMETWJ 2,caesar,18,32,1.8823529411764706,17
this is a secret message number 3,AOP PZ H wLYLA TLZZHNL UBTILY 3,caesar,7,31,2.066666666666667,15
this is a secret message number 4,QEFPx P X PBZOBQ JBPPXiB KRJYBO 4,caesar,23,33,2.0625,16
this is a secret message number 5,RgFGQ GQ Y eCPCR KCQQYEC LSKZCP 5,caesar,24,33,2.0625,16
this is a secret message number 6,iceecesemgbistamtsrsnrhaesu6,columnar,pqlkg,28,2.0,14
this is a secret message number 7,FTUE UE qM EQODQF YQEEMSQ ZGYNQD s7,caesar,12,35,2.0588235294117645,17
this is a secret message number 8,QDNP NP  FOJZNJ QRBOXXCJ JZXJO 8,vigenere,xwf,32,2.2857142857142856,14
this is a secret message number 9,XIXW X WP TTGSTX ITEHT OJQCTV 9,vigenere,ebp,31,1.9375,16
this is a secret message number 10,t tac s b1hsij ertmsaenme 0iswseegur,rail_fence,3,36,2.0,18
this is a secret message number 11,gi sasce esg ur1hsi  ertmsaemne 1,rail_fence,2,33,2.357142857142857,14
this is a secret message number 12,tsce rhi ermsene iase sgubs1 tam2,rail_fence,4,33,2.0625,16
this is a secret message number 13,ta  1h  tme n3isseegurirsame csb,rail_fence,5,32,2.0,16
this is a secret message number 14,ta  1hh  tmen 4insseegursiersame csm,rail_fence,5,36,2.4,15
this is a secret message number 15,DNH SC F HOMLJIcWqMXPVO HZBQOB 15,vigenere,kufppk,33,1.434782608695652,23
this is a secret message number 16,ESTD TD L DNPCPE XPDDLRP YFXMPe 6,caesar,11,33,2.0625,16
this is a secret message number 17,JSwSX CM S IPMWRN FWIWLQJ HOFTIH1 7,vigenere,qlkfnuutse,35,1.75,20
this is a secret message number 18,SQR FB R ADRONV XMRHXPdG CLQBA 18,vigenere,rlizpxjc,33,1.5714285714285714,21
this is a secret message number 19,itnteessee9irg1aemsmuhcarssb,columnar,gxkhdwmy,28,1.8666666666666667,15
this is a secret message number 20,nJXYI YI Q IUSHJU CeIIQWU DKCRUH 20,caesar,16,35,1.9444444444444444,18
this is a secret message number 21,amn1ste2tseuicsbiegrsraheehsm,columnar,nzpyumi,29,1.9333333333333333,15
this is a secret message number 22,aeimtnirg2tesehcarssbsmusee2,columnar,kmiwhuep,28,2.0,14
this is a secret message number 23,semgxiceeetsrsnrhaesu2sitam3,columnar,inpeg,28,1.8666666666666667,15
this is a secret message number 24,MEBQ EL T xAVOXR IXPLYSA KNkNK 24,vigenere,txtymw,33,1.5,22
this is a secret message number 25,ta  2h  twen 5ssseegurqsiersame csb,rail_fence,5,35,1.9444444444444444,18
this is a secret message number 26,hsmerirsmscsu6taqtgeieen2seab,columnar,qgwpoz,29,1.8125,16
this is a secret message number 27,ECNI SP V IxYMOxPO CYCPLBJ HEJZMW 27,vigenere,lvfqukx,36,1.8,20
this is a secret message number 28,pXLMuW MW E WIGVIX QpWWEKI RYQFIV 28,caesar,4,36,2.0,18
this is a secret message number 29,TQJF IB N SDrNEST NyRGSJHR NDNOSR 29,vigenere,ajbno,36,1.894736842105263,19
this is a secret message number 30,hesivmcsbsraetseuiegrste3amn0,columnar,ngijuxy,29,1.8125,16
this is a secret message number 31,iegrsraehemsamn1bte3tseuicsb,columnar,xmykbwr,28,1.8666666666666667,15
this is a secret message number 32,NLSBF F G MIVRXQ LKxMEZE KHLHNL 32,vigenere,uetatxnzgj,34,1.7,20
this is a secret message number 33,ssabemirg3hcarintnsmusee3tese,columnar,ysrvtuqb,29,2.0714285714285716,14
this is a secret message number 34,tsce rhi erlsune i case sgub3s tam4,rail_fence,4,35,2.0588235294117645,17
this is a secret message number 35,tatgeirsmieen3scsu5eahbsmer,columnar,hvjmiu,27,1.8,15
this is a secret message number 36,tsce rhi ermsene i ase ksgubd3s tam6,rail_fence,4,36,2.0,18
this is a secret message number 37,RFQ GQY QCACR KCQQYEC LSKZCP 37,caesar,24,31,1.9375,16
this is a secret message number 38,p ac s b3hti  ertmsannme 8isseegur,rail_fence,3,34,2.0,17
this is a secret message number 39,ti masce esgx ubr3hsi  efrtmsaenme 9,rail_fence,2,36,2.0,18
this is a secret message number 40,AOPZ PZ H LZJyLA TLZZHNL UTBILY 40,caesar,7,34,2.0,17
this is a secret message number 41,VWBU RU P UiKLTGI rOKBUCVX TDODKT 41,vigenere,cptcgjc,36,1.8,20
this is a secret message number 42,LKAA GV D ATAUWWlUTQVSJr CSPTHJ 42,vigenere,sdsipyd,34,1.7,20
this is a secret message number 43,LZAK AK SKWUJWL EWKKSY FMETWJ 4,caesar,18,31,2.066666666666667,15
this is a secret message number 44,ta  4h  tmegn 4isspegurseirsame csb,rail_fence,5,35,2.1875,16
this is a secret message number 45,XMiB VAK E LHNJWC RgXVDSYN SNPMWJ 45,vigenere,eftdlssj,36,1.565217391304348,23
this is a secret message number 46,VKVV AA LVRFWFB bXGVFDUW XFOERU 46,vigenere,cdndosikl,34,1.8888888888888888,18
this is a secret message number 47,JPEdOS I EIIRUB YIYSQOT RAMRMG 4w,vigenere,qipmega,33,1.736842105263158,19
this is a secret message number 48,t a 4h  tmen z8isseegursiersams csb,rail_fence,5,35,2.0588235294117645,17
this is a secret message number 49,ssbaemsee9hcaritnigr4tesesmu,columnar,vruityfa,28,1.8666666666666667,15
this is a secret message number 50,RARM QI B QXLLAB PFQQTP VKCPCP 5h0,vigenere,ytjuwiqdby,34,1.8888888888888888,18
this is a secret message number 51,YNX NX F XJHWJY RJXXFkJ SZRvGJW 51,caesar,5,34,2.125,16
this is a secret message number 52,t ac s b5hsi eqrtmsmaenme 2isseegur,rail_fence,3,35,2.0588235294117645,17
this is a secret message number 53,OCDN DN VN ZXMZO HZNNVBZ IPHWZMx 3,caesar,21,34,2.125,16
this is a secret message number 54,PBYO RP M OYSNB ZQGOUWA WRZNSN 54,vigenere,wuqwxjxnmo,33,1.9411764705882353,17
this is a secret message number 55,tsc rhi ermsene i ase sgufrb5s tam5,rail_fence,4,35,2.1875,16
this is a secret message number 56,YMNX NX F XJHJY eRJXXFLJ SZRGJW 56,caesar,5,34,2.0,17
this is a secret message number 57,ssbutseeirg5itnsmuaemsee7hcar,columnar,dzevjtuc,29,1.9333333333333333,15
this is a secret message number 58,JCIB YC Q NSVOqL HEBLQQW IUVUUB 58,vigenere,qvajtqks,34,1.7894736842105263,19
this is a secret message number 59,tsce rhie rmsene i ase sgub5h ptam9,rail_fence,4,35,2.0588235294117645,17
this is a secret message number 60,ia  6hs  tmen 0isseegrusiersame csb,rail_fence,5,35,2.1875,16
this is a secret message number 61,zZBC GY T LOLPKJEXCYBMU FNWKCX 61,vigenere,tstkjygq,33,1.5,22
this is a secret message number 62,ta  6h  emen 2isseegursiersame acb,rail_fence,5,34,2.125,16
this is a secret message number 63,tsce rhc ermsene i ase sgunb6s tm3,rail_fence,4,34,2.125,16
this is a secret message number 64,aemitssbsee4tesehcarir6gsmu,columnar,nptmjubl,27,1.9285714285714286,14
this is a secret message number 65,t ac s bq6hsi  ertmscaenmet5isseegur,rail_fence,3,36,2.1176470588235294,17
this is a secret message number 66,tseuicsbsraehesmiegramjn6se6,columnar,aueiwyx,28,1.8666666666666667,15
this is a secret message number 67,WGBAg CT UDVZJN UYNVZZM HVUVZU 67,vigenere,dztifubiuv,33,1.736842105263158,19
this is a secret message number 68,CTSX IN F SZMWDT WJRSVQJ wNWGDR 68,vigenere,avkfz,34,1.7,20
this is a secret message number 69,EVZW BZ E GVGSXAQPGJEHX MYXPVi 69,vigenere,lorebthze,33,1.736842105263158,19
this is a secret message number 70,rhsmtatgeieen7scsu0seabhsmer,columnar,exhkbt,28,1.8666666666666667,15
this is a secret message number 71,amn1hesmsraeste7jtseuicsbxegr,columnar,netfvgb,29,1.7058823529411764,17
this is a secret message number 72,EGO PHY L YBNQKQL KPDZMB MAJMDX 2,vigenere,lzgx,33,1.736842105263158,19
this is a secret message number 73,nMABL BL T uXVKXM FgLLTZX GNFUXK 73,caesar,19,35,1.8421052631578947,19
this is a secret message number 74,aemitnsee4tesefssbhcarirg7smu,columnar,hlpfbtaj,29,1.8125,16
this is a secret message number 75,AOPZ PZ H ZLJYAL TLZZHNLcUBTILY 75,caesar,7,34,2.0,17
this is a secret message number 76, nac s b7hsi  ertmsaenme 6issoeegur,rail_fence,3,35,2.0588235294117645,17
this is a secret message number 77,APZ PZ H ZLJYLA TLZnZHNL BTILY 77,caesar,7,33,2.357142857142857,14
this is a secret message number 78,ta  7  tmen 8isseegursiersame cxb,rail_fence,5,33,2.0625,16
this is a secret message number 79,AOPZ PZ H ZJLYLA TLZZH LUBTILY 79,caesar,7,33,2.2,15
this is a secret message number 80,tsce rh iermsnne i asesgub8s tam0,rail_fence,4,33,2.0625,16
this is a secret message number 81,RCJW FZnU QZDVOQ MYCQVHI KBVMOP 1,vigenere,yvbekxhauk,33,1.5714285714285714,21
this is a secret message number 82,ti sasceesg ubr8hsi  ertmsaenne 2,rail_fence,2,33,2.0625,16
this is a secret message number 83,RETZ WQ W EADAA ACEOHSS ZQTNSP83,vigenere,ymwhmo,32,1.8823529411764706,17
this is a secret message number 84,GMBZ XI V FJVYBIA ZGFFZLCAKWSE 84,vigenere,nfthxpqovo,33,1.65,20
this is a secret message number 85,IKbH RH J VNRNI VTVBPJN DBENG 85,vigenere,pdj,32,1.8823529411764706,17
this is a secret message number 86,iceeetsranristma6haesu8semgb,columnar,jsnua,28,1.8666666666666667,15
this is a secret message number 87,RROI HE  OZNSJDF ACZBQYD IKINH 87,vigenere,yhjqszmko,33,1.65,20
this is a secret message number 88,t ac s b8hs i erlmspenme 8isseegur,rail_fence,3,34,2.0,17
this is a secret message number 89,VKXE VP C OJJEBa APXZNDL QQRIRO 89,vigenere,cdwfhnxh,34,1.619047619047619,21
this is a secret message number 90,hsmrirsmieens9eabscsu0tatge,columnar,weqvnu,27,1.8,15
this is a secret message number 91,VJKUKU C UGETGVOGUUCIG PWOGT 91,caesar,2,31,2.066666666666667,15
this is a secret message number 92,tsce rhi ermselne i asey sgu9bs tam2,rail_fence,4,36,2.0,18
this is a secret message number 93,QEF PFP X PBZOBQ JaPBPXDB KRJYBO 93,caesar,23,35,2.0588235294117645,17
this is a secret message number 94,sYRIF PK K CEALL WJCSNP LERLEE 94,vigenere,fkanjhsyk,33,1.8333333333333333,18
this is a secret message number 95,XLMW MW  EWIGVIX QeIWWEKI RYQFIcV 95,caesar,4,36,2.0,18
this is a secret message number 96,iaregm9hsclajrtietsnesseseb6,columnar,pkgv,28,1.75,16
this is a secret message number 97,tscer hi ermsene i xse sgub9s itam7,rail_fence,4,35,2.0588235294117645,17
this is a secret message number 98,aemsmussbsee8fhcarirg9itntese,columnar,vnrjscai,29,1.8125,16
this is a secret message number 99,HVWG W O GSQFSH ASGGOSU BIAPjSF 99,caesar,14,34,2.125,16
this is a secret message number 100,WKLV LV D VFUHW dPHVVDJH QXPEHU 10,caesar,3,34,2.0,17
this is a secret message number 101,UIJT JlT B TFDSFU NFTTrBFH OVNCFS 101,caesar,1,37,2.0555555555555554,18
this is a secret message number 102,ta  1h  tmen w0isseegur2siersame csb,rail_fence,5,36,2.0,18
this is a secret message number 103,GNWO P BM FKQNVA EQHFGU UDENTE 130,vigenere,ngowrhjsmp,34,1.619047619047619,21
this is a secret message number 104,CpuiUV SB M POLPQW WNQEDDO LGPYOA 104,vigenere,jymdxk,37,1.5416666666666667,24
this is a secret message number 105,see0tesitn5sgbhcaraemirg1smu,columnar,iswgjztk,28,1.75,16
this is a secret message number 106,ta  h  tjmen 0isseegur6siersame cbs,rail_fence,5,35,2.0588235294117645,17
this is a secret message number 107,OCDNxN V NZXMZO HZNNVBZ PHWZM 107,caesar,21,33,1.9411764705882353,17
this is a secret message number 108,lNBCM CM U MYWLYN GYzMUAY HOkVYL 108,caesar,20,36,1.8,20
this is a secret message number 109,ti sasce ew gubr19hsi  ertsaenme 0,rail_fence,2,34,1.8888888888888888,18
this is a secret message number 110,VJKU U CUGETGV OGUUCIG PWODGT 110,caesar,2,33,2.0625,16
this is a secret message number 111,tscfe rhi ermsene i ase sgub11s vamb1,rail_fence,4,37,2.176470588235294,17
this is a secret message number 112,hcarittn2se1smuirg1ssbaemtese,columnar,vcqihosr,29,1.9333333333333333,15
this is a secret message number 113,WGSA CA I ROKEYB UHRCITYnDCPAOZ 13,vigenere,dzkinuiqi,34,1.5454545454545454,22
this is a secret message number 114,ZZX Sc AE JJZBMS EVXPKOD FLRYOZ 114,vigenere,esrfxkiz,35,1.6666666666666667,21
this is a secret message number 115,seiarsm5ieen1hsmerscsu1tatge,columnar,wsrthf,28,2.0,14
this is a secret message number 116,PDEO EO W OAYNAPy IvAOWCA JQIXAN 116,caesar,22,36,2.0,18
this is a secret message number 117,SGHR HR Z RDBQDS LoDRaZFD MLTADQ 117,caesar,25,36,2.0,18
this is a secret message number 118,tvi sasceesg ubr18hsi  ertmsaznme 1,rail_fence,2,35,1.9444444444444444,18
this is a secret message number 119,t a s b1si  ertmsaenme 1issleegur9,rail_fence,3,34,2.2666666666666666,15
this is a secret message number 120,oa  1h  men 2isseegur0siersam ecsb,rail_fence,5,34,2.0,17
this is a secret message number 121,hsmertatgescsu2irsm1esabieuen1,columnar,cashim,30,2.0,15
this is a secret message number 122,NBCM CM U MYWLdYN GYMMAY HOGVY 122,caesar,20,34,2.0,17
this is a secret message number 123,amn2st1iegrhesmisbsraetseu3,columnar,nijkgba,27,1.8,15
this is a secret message number 124,OYCH HF Ox NVWGmZS WSINART MHWPUM 124,vigenere,vrupvznkoq,37,1.5416666666666667,24
this is a secret message number 125,BHTB QS J AENAWBXNKAARNyVUXKWZ 152,vigenere,ialjs,34,1.619047619047619,21
this is a secret message number 126,istam2iceeesemgb6tsrsnrhaesxu,columnar,qvkpm,29,1.8125,16
this is a secret message number 127,LOvDP QX H PIKWWA JIAXSNZ RCzRTLq 127,vigenere,shvxeif,37,1.48,25
this is a secret message number 128,tsce rhi ermsnee f ase fsgub18s tam2,rail_fence,4,36,2.0,18
this is a secret message number 129,QEF PFPqX PBZOBQ JPPXDB KRJYBO 129,caesar,23,34,1.8888888888888888,18
this is a secret message number 130,t ac s b1hsi  ertmsaenme 3ibsseeur0,rail_fence,3,35,2.1875,16
this is a secret message number 131,OCFK RZ S BLZJCC JWQnBHDW WJTCA 131,vigenere,jhxsy,35,1.75,20
this is a secret message number 132,sseseb3tietsneiaregm1hscmaur,columnar,czja,28,1.8666666666666667,15
this is a secret message number 133,tsce rhi etrmsene i asesgub13 tam3,rail_fence,4,34,2.125,16
this is a secret message number 134,GUVF VFN  FRoPERG ZRFFNR AHZORE 134,caesar,13,35,2.0588235294117645,17
this is a secret message number 135,tscb hri ermsene i ase sgub15s atm3,rail_fence,4,35,2.0588235294117645,17
this is a secret message number 136,LZAK AK S KgUWJL EWKKSYW FMETWJy136,caesar,18,35,1.8421052631578947,19
this is a secret message number 137,tihsasce esg ub7r1hsi  ertmsaenme 3,rail_fence,2,35,2.0588235294117645,17
this is a secret message number 138,QQF RE J BMPXNF VLBNAMN JDTKM 138,vigenere,hjingjmwj,33,1.65,20
this is a secret message number 139,haeru1iceeesemgbtsrsnristam3,columnar,oayhe,28,1.8666666666666667,15
this is a secret message number 140,ti sasce es gubr10si  ertmeaenme 4,rail_fence,2,34,2.125,16
this is a secret message number 141,YMNX NX t XJfWJY RJXeFLJ SZRGJW 141,caesar,5,35,1.9444444444444444,18
this is a secret message number 142,t ac s b1hsi  ettmsaenme 4issenepur2,rail_fence,3,36,2.1176470588235294,17
this is a secret message number 143,KZWW HG S WJBFVL QJGRzRYS STASWF 14j,vigenere,rsoefzo,36,1.7142857142857142,21
this is a secret message number 144,ta  1h  temn 4isseegur4sirsame scb,rail_fence,5,34,2.125,16
this is a secret message number 145,ta  1h  tmen 4isseegursiersmaeacsb,rail_fence,5,34,2.125,16
this is a secret message number 146,CRB RB J BNLANC VNBBPN WDVKNA 46,caesar,9,32,2.1333333333333333,15
this is a secret message number 147,ta 1h  tmen 4isseeaur7iersame csb,rail_fence,5,33,2.0625,16
this is a secret message number 148,ta  1  tmen 4seeegur8siersame csb,rail_fence,5,33,2.0625,16
this is a secret message number 149,MABL BgL  TLXVKXM FXLLTZ GNFUXK 149,caesar,19,35,1.9444444444444444,18
this is a secret message number 150,ta  1h  tmeof 5isseegurnsiersame csb,rail_fence,5,36,2.0,18
this is a secret message number 151,tsce ghi ermsen ei ase slub11s tam5,rail_fence,4,35,2.0588235294117645,17
this is a secret message number 152,AYQ QZ I JMJIMA ULJAxXM ECTMY 152,vigenere,hri,33,1.8333333333333333,18
this is a secret message number 153,aeimrg1sosbitn3hcarsee5smutese,columnar,sogpnqfi,30,1.7647058823529411,17
this is a secret message number 154,OCDN DN V NZXMZO HaZNNBZ IPHWZM1 54,caesar,21,35,1.9444444444444444,18
this is a secret message number 155,JXYI YI Q IUSHUJCUIIQWUD hKCRUH 155,caesar,16,35,2.0588235294117645,17
this is a secret message number 156,tadtgeseabieen1scsu5irs6hsmer,columnar,cxlnvh,29,1.7058823529411764,17
this is a secret message number 157,CQReB RB J BNLANCVNBBJPN dDVKNA 157,caesar,9,35,1.9444444444444444,18
this is a secret message number 158,tsc rhi ermeoe i ase sgub18s tam5,rail_fence,4,33,1.9411764705882353,17
this is a secret message number 159,tsce rhi ermsne i asq sgub19s atm5,rail_fence,4,34,1.8888888888888888,18
this is a secret message number 160,YCHH GH J RhTPPTE DDHFYVP ETBcCG 160,vigenere,jrzpnypl,36,1.894736842105263,19
this is a secret message number 161,itn1hcarsee6teseirg1ssbsmam,columnar,icjfaryp,27,1.9285714285714286,14
this is a secret message number 162,QEFP FP  uXPBZOBQ JBPPXDv KRJYBO 162,caesar,23,36,1.894736842105263,19
this is a secret message number 163,GUVF VF N FRPERG ZRFFNTRAHZORE 163,caesar,13,34,2.0,17
this is a secret message number 164,PEDO E W OAYNAP IAOOWC JQIXAN 164,caesar,22,33,1.9411764705882353,17
this is a secret message number 165,ti sasce esg ubr1r5hsi  etimsaenme 6,rail_fence,2,36,2.1176470588235294,17
this is a secret message number 166,ti sasce esg bur16hsi  ertmsaynsme 6,rail_fence,2,36,2.1176470588235294,17
this is a secret message number 167,BZTO MP F AWNNNX LJNASRA qRxLGZZ c167,vigenere,islwjexzfv,37,1.608695652173913,23
this is a secret message number 168,irg1ssbhcaritn8see6smuaeetse,columnar,ueajiosb,28,1.75,16
this is a secret message number 169,CQRB bRB J BNLANC VNBBJPN xDVKN A169,caesar,9,36,2.0,18
this is a secret message number 170,YYPB NJ Ja XVJALY TNXZRNN SLTKLWs 170,vigenere,frhjh,37,1.7619047619047619,21
this is a secret message number 171,ZKVSNX D SNHWKW MNXeGJR WZRHEH 171,vigenere,gdnajff,34,1.8888888888888888,18
this is a secret message number 172,t ac s b1bsi  ertymhaenme 7isseegur2,rail_fence,3,36,2.0,18
this is a secret message number 173,semgb3tsrsnristam7iceeheaesu1,columnar,qxtiu,29,1.8125,16
this is a secret message number 174,haesu1semgbiceeeistam7tsrsnr,columnar,zbsfo,28,1.8666666666666667,15
this is a secret message number 175,haesu1stam7tsrsnriceesemgb5,columnar,jadsl,27,1.6875,16
this is a secret message number 176,ta  1h  tmwn 7ivsseegur6siresame csb,rail_fence,5,36,1.894736842105263,19
this is a secret message number 177,ta  1kh  tmen 7imsseegur7siersafme csb,rail_fence,5,38,2.111111111111111,18
this is a secret message number 178,SqSR SR K ZOwBYOS WDZCZNO UELIzOQ 178,vigenere,zhk,37,1.608695652173913,23
this is a secret message number 179,YMNX NXrF XJfWJ RJXXFLJ SZRGJW 179,caesar,5,34,1.8888888888888888,18
this is a secret message number 180,YlUER PA F ODQYMJ ZARGHOUf ALPLZ 180,vigenere,fnwzohiq,36,1.6363636363636365,22
this is a secret message number 181,PICU RO U CNYYSVVATMCQN OOOLNNo 181,vigenere,wbuckj,35,1.8421052631578947,19
this is a secret message number 182,itn2aemhcacrsee8tesessbirg1msmu,columnar,lhsjcxfq,31,1.9375,16
this is a secret message number 183,BKDA DA V VZKUZB MHVNIJZQPUEZZ 183,vigenere,idv,34,1.7894736842105263,19
this is a secret message number 184,ZNOY OY G YKIXKsZ SKYYGM KTASHKX 148,caesar,6,36,2.0,18
this is a secret message number 185,XLMW MW E WIGVIX QIWWEKI RYQIV 158,caesar,4,34,2.125,16
this is a secret message number 186,sseseb8hscmariagregm1tietsne6,columnar,vnsb,29,1.9333333333333333,15
this is a secret message number 187,CQRB RB J BLNANC VNBBJPN WDVKN A18o7,caesar,9,36,2.0,18
this is a secret message number 188,tsce rhi etrmsnee i ase sgub18stam8,rail_fence,4,35,2.1875,16
this is a secret message number 189,hscmaurgsese8btietsne9iaregm1,columnar,rftg,29,1.8125,16
this is a secret message number 190,STGD XdMJ EbNXTN VDEQLMT QDLNCC 190,vigenere,zmylgpudj,35,1.8421052631578947,19
this is a secret message number 191,iceeesemgb1haesu1trsnrsitam9,columnar,utxjg,28,1.8666666666666667,15
this is a secret message number 192,t acus b1hsi  ertmsaenmec isseegur2,rail_fence,3,35,2.1875,16
this is a secret message number 193,t hc  sb1hsi  etmsaenme 9isseegur3,rail_fence,3,34,2.0,17
this is a secret message number 194,DRSC SC K COMBOD WOrCeCKO XEWLOB 194,caesar,10,36,2.0,18
this is a secret message number 195,irg1huaraemteseitn5ssbsee9mu,columnar,mjisqylr,28,1.8666666666666667,15
this is a secret message number 196,LMW ME  WIGVIX QIWWEKI RYQFIV 196,caesar,4,33,1.9411764705882353,17
this is a secret message number 197,tesessbsee9smuaemirg1inthcar,columnar,bzpjvkne,28,1.8666666666666667,15
this is a secret message number 198,ZBtY CNT Q UMEJU CKMIKTJ UKSVUB 198,vigenere,guqknfbhq,35,1.75,20
this is a secret message number 199,NChA LM A MZRZIW FEPMVM QOFBBL 1r99,vigenere,uvpiedutax,35,1.6666666666666667,21
this is a secret message number 200,ESTD TD L DPNCPE XPDuDRP YFXMPC 200,caesar,11,35,2.0588235294117645,17
this is a secret message number 201,YXJX hX P UTHTTY BJUHFIf PJRDTW 201,vigenere,fcp,35,1.8421052631578947,19
this is a secret message number 202,MABLmBLT  LXVKXM FXLLTZX GNrFUXK 202,caesar,19,36,2.0,18
this is a secret message number 203,GUVlF VF N FRPRG ZRFFNTfR AHZORE 203,caesar,13,36,1.894736842105263,19
this is a secret message number 204,SWLl IR R QBGVM MDHJTEE CLFZEQ 204,vigenere,zprtya,34,1.4782608695652173,23
this is a secret message number 205,PQY Q S AMIAWR EKAAdGPW YMSJMX 205,vigenere,giigjsyls,34,1.7894736842105263,19
this is a secret message number 206,iaregm2titsne6hscmaursesseb0,columnar,mrdy,28,1.75,16
this is a secret message number 207,irg2tseeitna7emssbsee0hcarsmu,columnar,cvbrdwip,29,1.8125,16
this is a secret message number 208,tis asce esg ubr28hsi e rtmsanenme 0,rail_fence,2,36,2.1176470588235294,17
this is a secret message number 209,BVPY ZW O YKTVvMH SKJWIL TLQSY 209,vigenere,iohggre,34,1.619047619047619,21
this is a secret message number 210,IMXHjXH P XTcWTI BTXHPLT SJBGTG b210,vigenere,pfp,36,1.894736842105263,19
this is a secret message number 211,scsu1smerseabiee2nirsm1tatge,columnar,ujnepl,28,2.0,14
this is a secret message number 212,irm2tatgwescsu1hsmerieen2seab,columnar,qvwtlz,29,1.8125,16
this is a secret message number 213,t acss b2hsi  erhmsaenme 1issqeegur3,rail_fence,3,36,2.0,18
this is a secret message number 214,tscergrhni ermsene i ase sgub24s tam1,rail_fence,4,37,2.176470588235294,17
this is a secret message number 215,YNX NX F XJHWJY RJXXFLJ ZSGRJW 215,caesar,5,34,2.125,16
this is a secret message number 216,NVTU BQ AM zSNTKM VEXMORG GVSBJL 216,vigenere,uolcgtyjaf,36,1.6363636363636365,22
this is a secret message number 217,tzce rhi lermsene i asehsgub27s tam1,rail_fence,4,36,1.894736842105263,19
this is a secret message number 218,PTJR NO B TJYDFS RzETZzHJ VLCJN 218,vigenere,wmbzbf,35,1.5909090909090908,22
this is a secret message number 219,LPRK BQ S BWUZNL UNKKIPW lVDETMA 21s9,vigenere,sijs,37,1.5416666666666667,24
this is a secret message number 220,t ac s b2hsi  ertmsuenme 2isseetur0,rail_fence,3,35,2.3333333333333335,15
this is a secret message number 221,snabhsmerirsm1scsu2iee2tatge,columnar,yexmkc,28,1.8666666666666667,15
this is a secret message number 222,ot ac s b2hsi  irtmsaenme 2isuseegur2,rail_fence,3,37,2.3125,16
this is a secret message number 223,ta  2h  tmen 2isfseegur3seirsame csb,rail_fence,5,36,2.1176470588235294,17
this is a secret message number 224,ta  2h  mten 2isxseegurs4iersame csb,rail_fence,5,36,2.1176470588235294,17
this is a secret message number 225,ti sasce esw bur25hsiy ertmsaenme 2,rail_fence,2,35,2.0588235294117645,17
this is a secret message number 226,ta  2  tmen 2isseeguresiermame csb,rail_fence,5,34,2.4285714285714284,14
this is a secret message number 227,t ac s b2hsi  tertsaenme 2isseeiur7,rail_fence,3,35,2.3333333333333335,15
this is a secret message number 228,KGHR DY Z RXPXVv pLPNYRFD YPSSDQ 228,vigenere,rzzzlvg,36,1.8,20
this is a secret message number 229,QCSgE BK H PZMDtKM XLTPVQQr GMXIFO 229,vigenere,xvkmgtslhb,38,1.52,25
this is a secret message number 230,tatgeseawbieen2ssu3irsm0hsmer,columnar,cvmnsh,29,1.8125,16
this is a secret message number 231,tswrsnrheaesu2semgb1istam3iceee,columnar,bdriz,31,1.8235294117647058,17
this is a secret message number 232,JSKO YD W IPENIJ OAWILIAhbDFOXIH232,vigenere,qlcwe,35,1.6666666666666667,21
this is a secret message number 233,CQRB RB J BNLAC VNBBJPN WDVKNA 23,caesar,9,33,2.0625,16
this is a secret message number 234,CQRB RB J BNLNAC VNBBJPN WDVKlA 243,caesar,9,35,1.9444444444444444,18
this is a secret message number 235,tsce rhi ermszne i yase sgub25s tam3,rail_fence,4,36,1.894736842105263,19
this is a secret message number 236,KYZJ ZJ R JVIVK DVJJRXVELDSVI 36,caesar,17,32,2.1333333333333333,15
this is a secret message number 237,OCDN DN V NZXMZO ZNNoBZ IPHWZM 237,caesar,21,34,1.8888888888888888,18
this is a secret message number 238,PFPS GZ W ZEYPLT KLSOYNE LBMsXcY 238,vigenere,wyha,36,1.6363636363636365,22
this is a secret message number 239,qVWG WGr O GSQFSH ASGGOUS BIAPSF 39,caesar,14,35,1.9444444444444444,18
this is a secret message number 240,iaryegmr2tietsne0sseseb4hscmaur,columnar,qzjy,31,1.8235294117647058,17
this is a secret message number 241,haesu2tsrsnrsvemgb1stam4iceee,columnar,edylz,29,1.7058823529411764,17
this is a secret message number 242,RZWL OY L QTTKSZnDPQQPXX TADMPC 242,vigenere,yprtoggrly,35,1.75,20
this is a secret message number 243,GBTS HtK U SZBvJRN MZRKNAP ITEOYCb 243,vigenere,nulavzs,38,1.4615384615384615,26
this is a secret message number 244,RFGQ G QYQCAPCR KCQQYC LSKZCP 244,caesar,24,33,2.2,15
this is a secret message number 245,ZTSm OE I YQMZHZ WMVMQM TGWJX 245,vigenere,gmkid,33,1.65,20
this is a secret message number 246,ti sascee sg ubtr26hsi  ertmvsaenme 4,rail_fence,2,37,2.0555555555555554,18
this is a secret message number 247,QZJP TN S JMBL DBDNXYL KFHYWY 247,vigenere,xshrxlv,33,1.5714285714285714,21
this is a secret message number 248,tscexrhi ermsene i aseksgub28f tam4,rail_fence,4,35,1.75,20
this is a secret message number 249,tsce rh iermsenqe i ase sgubv29s tam4,rail_fence,4,37,1.9473684210526316,19
this is a secret message number 250,JMMKz NW Q WWSWIL RIKIFK sSYERJV 250,vigenere,qfes,36,1.8,20
this is a secret message number 251,ALS ZSZ K WOJVOA WLWCHKO RETFOY2a51,vigenere,hek,35,1.6666666666666667,21
this is a secret message number 252,YIJX X B TgFHSFY NJTTFHF VORCFW 252,vigenere,fbb,35,1.8421052631578947,19
this is a secret message number 253,AOPk PZ H ZLJYLA TLZZHiNL UnTILY 253,caesar,7,36,1.894736842105263,19
this is a secret message number 254,t ac r b2hsi  ertmsaenme e5isseegur,rail_fence,3,35,2.1875,16
this is a secret message number 255,uLLD LD D WHtNVgHE PPWVLKH RXXFHC 255,vigenere,led,37,1.9473684210526316,19
this is a secret message number 256,QWTD UG A kPTNCZF JEHPPRP ZIJBTiO 2q56,vigenere,xpllvmoxap,38,1.4615384615384615,26
this is a secret message number 257,ti sasce esg ubr27hsi  ertmacsnme 5,rail_fence,2,35,2.0588235294117645,17
this is a secret message number 258,DRSC SC K COMBOD WOCCQO XEWLOB vs58,caesar,10,35,1.9444444444444444,18
this is a secret message number 259,CSZD JN H BPTCpUlZLKBLXP OPZIWA 25n,vigenere,jlrllbvnhs,35,1.4583333333333333,24
this is a secret message number 260,hscmauriaregm2teitsne0sseesb6,columnar,tfqx,29,1.8125,16
this is a secret message number 261,WKLV LzV D VHFUxHW PVHVDJH QXPEHU 261,caesar,3,37,1.9473684210526316,19
this is a secret message number 262,PDO EO W OAYNAP IAOOWC AJQIXwN 262,caesar,22,34,2.0,17
this is a secret message number 263,CODA RZ I BLXZYCHMMyHBM BHJYA 263,vigenere,jhviu,33,1.736842105263158,19
this is a secret message number 264,rsraeste2hesmiegrtse4icsbamn6,columnar,mfocier,29,1.9333333333333333,15
this is a secret message number 265,tq ac s b2hsi  ertmsaenme 6isseeguru,rail_fence,3,36,2.1176470588235294,17
this is a secret message number 266,wIJTj JT B TFDSFU NFTTBHF OVNmFS 266,caesar,1,36,2.0,18
this is a secret message number 267,tatgehsmerieesn2csu6irsm7seab,columnar,aeinuy,29,1.8125,16
this is a secret message number 268,UIJT JT B TFDSFUlNFTTBHF OVNCFSb2 68,caesar,1,36,1.894736842105263,19
this is a secret message number 269,TABMpCP U LXWSYQ GELLUHY DOMUXeL 69,vigenere,attubuxqu,35,1.5217391304347827,23
this is a secret message number 270,hscmaurtiesne0iaregm2sseseub7,columnar,kdyz,29,1.8125,16
this is a secret message number 271,ARSP SC H CBJBOQ WOoPZKQB XEIOB 271,vigenere,hkkx,35,1.6666666666666667,21
this is a secret message number 272,MOBH XJ H HVRIXAn BVHJTNX EJDULK 272,vigenere,thtprpr,36,1.7142857142857142,21
this is a secret message number 273,srsnrsemgb3iceeehaesu2isam7,columnar,akzbg,27,1.8,15
this is a secret message number 274,ta  2h  tmen 7isseghr4siersame csf,rail_fence,5,34,2.125,16
this is a secret message number 275,tsce rhi ermsene i wase sgob25stam7,rail_fence,4,35,1.9444444444444444,18
this is a secret message number 276,FPS KN M CEWTZe UOSMCBT VEMVGM 726,vigenere,mikaucvp,34,1.619047619047619,21
this is a secret message number 277,GDHH VO Pc FABGEG LTSFWrT AQLEE 277,vigenere,nwzpa,35,1.75,20
this is a secret message number 278,tsce wohi ermsene i ase sgub28js tam7,rail_fence,4,37,1.85,20
this is a secret message number 279,anmn7tsue9ste2iegricsbhesmsrae,columnar,hvswrib,30,1.875,16
this is a secret message number 280,iaregm2tietsne0hscmrursseesb8,columnar,bdas,29,1.8125,16
this is a secret message number 281,MABL BL T LXVKXM FLXxnLTZX GNFUXK 281,caesar,19,37,1.9473684210526316,19
this is a secret message number 282,aemteseirg2sreei8tn2hcarssbsmu,columnar,dvejmyax,30,2.0,15
this is a secret message number 283,FRGQ GQ Y QcAPCR KCQQYEC LSKCP 283,caesar,24,34,2.0,17
this is a secret message number 284,DJNC NC F UJMTJD ROUXKIJ PjWJDB2 84,vigenere,kcf,35,1.6666666666666667,21
this is a secret message number 285,TAW SVS A GHNBEA FSVDKGL GIPMtOR 285,vigenere,atodlkah,36,1.5,24
this is a secret message number 286,hste2tseu6amn8iegrhesicsbsrae,columnar,drxzgaf,29,1.8125,16
this is a secret message number 287,tsce rhi ermsene i ase sgaur27sdtam8,rail_fence,4,36,2.1176470588235294,17
this is a secret message number 288,HOTM E B GLoNLMQ CFFGHRY KGwCRF 288,vigenere,ohluixmqbn,35,1.75,20
this is a secret message number 289,OCDN DNu V NZXMZO HZNNVBZl IPHWZn 289,caesar,21,37,1.85,20
this is a secret message number 290,UGJW ROB  TIWAA LFWMJCy MVQVNN 290,vigenere,bzbeujwo,34,1.5454545454545454,22
this is a secret message number 291,tscerhi ermseen i ase sgub21s tham9,rail_fence,4,35,2.0588235294117645,17
this is a secret message number 292,FLQY BV O WMIHXW gQAWAGWX mIYFMX 292,vigenere,meigqtdio,36,1.894736842105263,19
this is a secret message number 293,GUVeF V N FPERG ZRFFNTR AHZORE 293,caesar,13,34,1.8888888888888888,18
this is a secret message number 294,KVE EJ W GATFAK IVGRUA BQDPAIc294,vigenere,row,33,1.5714285714285714,21
this is a secret message number 295,sseseb9iaregm2tietsne5hscpfur,columnar,nwie,29,1.6111111111111112,18
this is a secret message number 296,ti smscebesg ubr26hsi  ertmsmaenme 9,rail_fence,2,36,2.1176470588235294,17
this is a secret message number 297,IOBZ EM UH LVYIP uYUHHZ JOBVGG 297,vigenere,phthewupuc,34,1.7894736842105263,19
this is a secret message number 298,scsu9seabieen2hsmertatgeiofm8,columnar,uspdwh,29,1.6111111111111112,18
this is a secret message number 299,t ac s zb2hsi  ertmsaenm e9igsseegur9,rail_fence,3,37,2.176470588235294,17
this is a secret message number 300,WKLV LV D HFUHWP HVVDJH QXaEHU 300,caesar,3,34,2.0,17
this is a secret message number 301,NYPH ZZ UZT WILI DLHMRNT EBBVVY 31,vigenere,urhp,34,1.7894736842105263,19
this is a secret message number 302,RPET GA B QMYSWR vFKQICF LCICWP 320,vigenere,yiwbs,35,1.5909090909090908,22
this is a secret message number 303,KYHB KZ N DJLJGAZ VJRJG RHDSDA 303,vigenere,rrzjschen,34,2.0,17
this is a secret message number 304,IWXH XHk  PHTRGTI BTHHPVTC JBQTG 304,caesar,15,36,2.0,18
this is a secret message number 305,t ac s bahsi  ertmsaenzme 0isseeguo5,rail_fence,3,36,2.0,18
this is a secret message number 306,SVMA XF  KYGGRDAWMWPTO BMGFTE 306,vigenere,zosuepnk,33,1.5714285714285714,21
this is a secret message number 307,IWXH XH P HTRGl IBTHHPdT CJBQTG 307,caesar,15,35,1.9444444444444444,18
this is a secret message number 308,RFWUL G Y GGGUSY KuUWDUJ LIOFHF 3w8,vigenere,yyocedof,35,1.8421052631578947,19
this is a secret message number 309,QMMT AF U XIfDHgWG GBXmWBWW WOJGIS 309,vigenere,xfebqsnju,38,1.6521739130434783,23
this is a secret message number 310,t ac p b3hsi  ertmsaene 1isseeguf0,rail_fence,3,34,1.7894736842105263,19
this is a secret message number 311,ta  3h  tmen1isseegur1siersae csb,rail_fence,5,33,2.0625,16
this is a secret message number 312,PDEO EO W OANfP IAOOWC JQIXAN 312,caesar,22,33,1.9411764705882353,17
this is a secret message number 313,BPQA QA I AMqKZMB UMAAIOMj VCUJMZ 31c3,caesar,8,38,2.0,19
this is a secret message number 314,EJJI NX D UFSQJY PPUTQF JDXXDFH d134,vigenere,lcbqzffqd,36,1.894736842105263,19
this is a secret message number 315,t acds b3hsi  brtmsaenmem 1isseegur5,rail_fence,3,36,2.0,18
this is a secret message number 316,t wcs b3hsi  ertmsaenme 1sseegur6,rail_fence,3,33,1.8333333333333333,18
this is a secret message number 317,KYZJ JZ R JVTIVK DVqJRXV LDSVI 317,caesar,17,34,2.0,17
this is a secret message number 318,hcartesesee1smunirg3aemtn8ssb,columnar,ednkslox,29,1.8125,16
this is a secret message number 319,tietsvne9seseb1iaregm3hscmaur,columnar,cvtf,29,1.7058823529411764,17
this is a secret message number 320,ste3an2tesmtseu0sraeicsbiegr,columnar,jivqzcd,28,1.8666666666666667,15
this is a secret message number 321,rsaeiegricsbtseu1ste3abmn2hesm,columnar,lwkchpr,30,1.875,16
this is a secret message number 322,WKLV LV D ViFUHW PHVVDJH QEXHU 322,caesar,3,34,2.0,17
this is a secret message number 323,UXWD TF QDXNEFJ XXDFBWS GFZCU e23,vigenere,bqoltln,33,1.736842105263158,19
this is a secret message number 324,irsm4seabhsmerscsu2fatgerieen3,columnar,wqyubl,30,1.7647058823529411,17
this is a secret message number 325,FaZtB AP M PNOJBC EBBESDN FRVNWx 325,vigenere,msxj,36,1.565217391304348,23
this is a secret message number 326,IMUW XXE HJOVVI YIJFSIC ZYFVG 326,vigenere,pfmer,33,1.65,20
this is a secret message number 327,tietsne7sseseb2hscmauribareg3,columnar,ftwn,29,1.8125,16
this is a secret message number 328,BPQ AQa I AMKZfMB UMAAIOM VCUJMZ 328,caesar,8,36,1.894736842105263,19
this is a secret message number 329,IWtX RH M HOHZNI YTHCFONC GBQlOW 329,vigenere,ppkfijppm,36,1.6363636363636365,22
this is a secret message number 330,teac s bb3hsi  ertmsaebme 3isseegur0,rail_fence,3,36,2.4,15
this is a secret message number 331,semgb1iceeetsrsnrhaeau3ista3,columnar,rvwpq,28,1.8666666666666667,15
this is a secret message number 332,TICS IS Uq YECSYT METMAMEcOOMHER 33b2,vigenere,abuaga,37,2.0555555555555554,18
this is a secret message number 333,PDO EO W OAYNAP IAOOWCA nJQIXN 333,caesar,22,34,2.125,16
this is a secret message number 334,YMNX NXF  XJHWJ RJXXFLJ SZRGJW 33e,caesar,5,34,2.125,16
this is a secret message number 335,semgb5tsrsfriceeeheasu3istam3,columnar,oyzev,29,1.9333333333333333,15
this is a secret message number 336,ta  3h  tmen 3asiseegur6siersamhe csb,rail_fence,5,37,2.3125,16
this is a secret message number 337,tietsne7hscmaursseseb3iagrm3,columnar,jmyr,28,1.8666666666666667,15
this is a secret message number 338,BLCM vRF L AIWLOC RPEAEY WHRMQZ 383,vigenere,ieuukjnflm,35,1.75,20
this is a secret message number 339,PDEO EO W OAuNAP IAOOCAW JQIXAN 339,caesar,22,35,2.1875,16
this is a secret message number 340,tsrsrniceeesemgb0haesua3istam4,columnar,bswhe,30,1.875,16
this is a secret message number 341,YGSz HC FyCDHQOS LORXZQDp MELGDB 341,vigenere,fzkz,36,1.565217391304348,23
this is a secret message number 342,BBEZ SZ M AYYYPD MQVUALC XMNHZ 342,vigenere,iuwhlkhamd,34,1.619047619047619,21
this is a secret message number 343,VMCO aNM C MAEWYP RYOUFA SOIDJL q343,vigenere,cfuw,36,1.565217391304348,23
this is a secret message number 344,icsbiegrste3tsep4amn4eraehesm,columnar,pyduikq,29,1.9333333333333333,15
this is a secret message number 345,ta  3  tmen 4iseegur5sikersame csb,rail_fence,5,34,2.0,17
this is a secret message number 346,GIVU zIjN FGMIUJN RUCRWU OHOLVH 346,vigenere,nbnckrqq,35,1.75,20
this is a secret message number 347,YxPX PX H VLHULYvTJVZFJL QBRnLW 347,vigenere,fdh,35,1.5909090909090908,22
this is a secret message number 348,SGHR  HRZlRDBQDS LDRRZFD MTLADQ 348,caesar,25,35,1.9444444444444444,18
this is a secret message number 349,IBX JM Q XUDLTJ RUTMPWX DVQGUK 39,vigenere,pqtfqbu,33,1.736842105263158,19
this is a secret message number 350,ILGZ IF E ZZCbTX TZSFPKC IUZIP 35,vigenere,peyhvan,33,1.9411764705882353,17
this is a secret message number 351,tsursnristam5haesu3iceesemgb1,columnar,bolwu,29,1.8125,16
this is a secret message number 352,QEFP FP X PBxOBQ JPPXDB KJYBO 352,caesar,23,33,2.0625,16
this is a secret message number 353,tsrsnrisidam5iceeehaesu3semgb3,columnar,eqgrl,30,1.875,16
this is a secret message number 354,YMzNXN X F XJHbJY RJXXFLJ SZRGJW 354,caesar,5,36,1.894736842105263,19
this is a secret message number 355,FTUEU E M EQODQF YQEEMkSQ ZGYNQD 35g5,caesar,12,37,2.0555555555555554,18
this is a secret message number 356,vsemgb6istam5iceeetsrsnrhaeeu3,columnar,yzdce,30,1.7647058823529411,17
this is a secret message number 357,tatgeirsm7hsmeireen3seabscsu5,columnar,eouzfy,29,1.8125,16
this is a secret message number 358,ieen3irsm8scsu5hsmerseattage,columnar,ymcids,28,1.8666666666666667,15
this is a secret message number 359,t ac s 3hsi ertmsenme 5isseegur9,rail_fence,3,32,2.0,16
this is a secret message number 360,tscea rhicermsene i ade sgub30s tam6,rail_fence,4,36,2.0,18
this is a secret message number 361,tsce rhri ermsene i sen sgub31s tam6,rail_fence,4,36,2.1176470588235294,17
this is a secret message number 362,istam6iieeesemgby2tsrsnrhaesu3,columnar,tvhni,30,1.875,16
this is a secret message number 363,NBCMC MU MYWLYN GYMMUAY HOGVYL 36f3,caesar,20,35,2.0588235294117645,17
this is a secret message number 364,YNHB NY J XKlBASY LNGXGsFN SAKSW 364,vigenere,fgzjo,36,1.894736842105263,19
this is a secret message number 365,ta  3h  tmien 6isseeurj5siersame csb,rail_fence,5,36,2.1176470588235294,17
this is a secret message number 366,XSQO IW K XEGAxP MIBCWE WEIGEV 366,vigenere,ejkwfa,34,1.7894736842105263,19
this is a secret message number 367,iaregm3hscmaurtietsnebseseb6,columnar,vqiz,28,1.8666666666666667,15
this is a secret message number 368,irsm8ieen3tatgesseabsacsu6hsmer,columnar,mzgsdo,31,1.9375,16
this is a secret message number 369,VJKUK U C UGETV OiGUUCIG PWODGT 369,caesar,2,35,1.9444444444444444,18
this is a secret message number 370,tt ac s b3hsi  ertmsaenme 7isseegmur0,rail_fence,3,37,2.176470588235294,17
this is a secret message number 371,NcEL AJ X LRUIYQ FdKJUDA AMVBN 371,vigenere,uxwtnsr,34,1.4782608695652173,23
this is a secret message number 372,haesu3ieceetsrsnrsemg2istam7,columnar,ocvph,28,1.8666666666666667,15
this is a secret message number 373,itn3ssbirg3hcarcemteseese7smu,columnar,nigpaqjc,29,1.9333333333333333,15
this is a secret message number 374,iaregm3sbseseb7hscmaurtietsner,columnar,tpfh,30,2.0,15
this is a secret message number 375,BPhA QA I eAMKZMB UMAAIOM VCUJMZ a375,caesar,8,37,1.85,20
this is a secret message number 376,LZAK AK S nKWUJW LEWKKSYW FMETWJ 3x76,caesar,18,37,1.9473684210526316,19
this is a secret message number 377,ta  3h  tme 7isseegur7siersamc csb,rail_fence,5,34,2.2666666666666666,15
this is a secret message number 378,KWP HE J GBLQQG PPBZSRQIJKDD 378,vigenere,jdoxjzmn,32,1.6842105263157894,19
this is a secret message number 379,icsbsraeste3amniegrwseu9hesm,columnar,psbcnij,28,1.75,16
this is a secret message number 380,HVWG Wo GO GSQFSH ASGGOUS BIAPSF 80,caesar,14,35,2.0588235294117645,17
this is a secret message number 381,tietsne1hscmaeiaregm3sseseb8,columnar,dqvy,28,1.8666666666666667,15
this is a secret message number 382,t ac  b3hsu  ertmsaenme 8isseejur2,rail_fence,3,34,2.0,17
this is a secret message number 383,t ac s bd3hki  ertmsaenm e8isseegur3,rail_fence,3,36,2.0,18
this is a secret message number 384,ta  3hn  tmen 8isseegur4siresame csc,rail_fence,5,36,2.25,16
this is a secret message number 385,SUHR R Z cFDBpDS LDFRZTD ATLODQ 385,vigenere,znz,35,1.8421052631578947,19
this is a secret message number 386,t a 3h a tmen 8isseeugr6siersame csb,rail_fence,5,36,2.1176470588235294,17
this is a secret message number 387,ta  3h  tmek 8isseegru7siersame csb,rail_fence,5,35,2.0588235294117645,17
this is a secret message number 388,t ac s b3hsi  ebtsaenm e8isseegur8,rail_fence,3,34,2.125,16
this is a secret message number 389,iegrtsezu9icsbste3amn8sraeesm,columnar,iwmvgnq,29,1.8125,16
this is a secret message number 390,ta c s b3hsi  ertsmaenme 9isseeghr0,rail_fence,3,35,2.1875,16
this is a secret message number 391,sraesteamn9hesmtseuj1iegricsb,columnar,qkvbtdf,29,1.8125,16
this is a secret message number 392,NPZH RBW  MMTGTC LAEMIX TWDXQL 392,vigenere,uirppjjzwm,34,1.5454545454545454,22
this is a secret message number 393,ta r3h tmen 9iasseegur3siersame csb,rail_fence,5,35,2.1875,16
this is a secret message number 394,tatgescsu9geabirsm4hsmerieen3,columnar,dtunsp,29,1.8125,16
this is a secret message number 395,ta  3h  emen 9isseegursiersame csb,rail_fence,5,34,2.125,16
this is a secret message number 396,tatgescsu9irsm6qeenb3seabhsmer,columnar,armjkq,30,1.7647058823529411,17
this is a secret message number 397,tsc erhie rmsene i ase sgub37 stam9,rail_fence,4,35,2.0588235294117645,17
this is a secret message number 398,t ac s b3hsi  ertmsaenme 9icsdeeur8,rail_fence,3,35,2.0588235294117645,17
this is a secret message number 399,resesmuhcarssbaemirg3see9iztn9,columnar,ciortdmk,30,1.875,16
this is a secret message number 400,LZAK AK S KWUJWL EWKKSYuFMETgWJ 400,caesar,18,35,1.9444444444444444,18
this is a secret message number 401,KYZJ ZJ RkJVTIVK DVJJRXV ELDSVv 401,caesar,17,35,1.8421052631578947,19
this is a secret message number 402,amni0egrhessmraeste4tseu2icsb,columnar,whxkfrd,29,1.8125,16
this is a secret message number 403,JXYI YI Q IUSkUJ CUIIQWU DKiCiRUH 403,caesar,16,37,1.9473684210526316,19
this is a secret message number 404,tietsne4ssesebi0aregm4hsmaur,columnar,czmk,28,2.0,14
this is a secret message number 405,ti pasce esg br45hsi  ertmsaenme 0,rail_fence,2,34,2.0,17
this is a secret message number 406,OCDN DN V uNZXMZO HZNNVBZ IPHxWM 406,caesar,21,36,1.894736842105263,19
this is a secret message number 407,VUWT GY N TXAXGG NXQYCTv GSSDRjF407,vigenere,cnobtyg,35,1.6666666666666667,21
this is a secret message number 408,ti sasce esgu b4r8hsi  ertmsaenmne 0,rail_fence,2,36,2.1176470588235294,17
this is a secret message number 409,sraehesmamn0icstbseuu9iegrste4,columnar,sgrcwyl,30,1.875,16
this is a secret message number 410,istam1tsrsnyiceeensemgb0haesu4,columnar,fuaqi,30,1.7647058823529411,17
this is a secret message number 411,istam1semgb1iceetsrsnirhaesu4,columnar,uvhjm,29,1.9333333333333333,15
this is a secret message number 412,istaym1semgb2iceeehqaesu4tsrsnr,columnar,zrhmo,31,1.7222222222222223,18
this is a secret message number 413,ste4amn1sraeteu3segricsbhesm,columnar,nytmsjl,28,1.75,16
this is a secret message number 414,cta 4h  tmen 1isseegur4siersame csb,rail_fence,5,35,2.1875,16
this is a secret message number 415,LZAK AK S sKWUJWL oEWnKSYW FMETWJ 415,caesar,18,37,1.85,20
this is a secret message number 416,PDO EO W OAYNAeP IOOWCA JQIXAN 416,caesar,22,34,1.8888888888888888,18
this is a secret message number 417,LEZK ZK R PVqOVLD WPJSDV KLEYVyJ 417,vigenere,sxr,36,1.894736842105263,19
this is a secret message number 418,see1irg4smuhiarteseitn8sbsaem,columnar,ojbarexs,29,1.9333333333333333,15
this is a secret message number 419,KPHK ZS S JEJJLK TWZJANW ETUhTLI 419,vigenere,rahsh,36,1.894736842105263,19
this is a secret message number 420,RFGQ GQ YyQCAPC KCQQYEC LSKZC P420,caesar,24,34,1.8888888888888888,18
this is a secret message number 421,t ac s b4hsi  brtmsaenme2 isseegur1,rail_fence,3,35,2.0588235294117645,17
this is a secret message number 422,QHY QB U BDIBMC GXBRGQM LODFX 422,vigenere,tjzgkijyu,33,1.8333333333333333,18
this is a secret message number 423,LZAK AK S KWUJWL WEKKSYW FEMTWJ f423,caesar,18,36,2.0,18
this is a secret message number 424,DRSC SC KyOMBOD WOCCKQO XEWLOB 442,caesar,10,34,2.0,17
this is a secret message number 425,aemseertesesbitn5irg4hcarsmu,columnar,mwvluxfr,28,1.8666666666666667,15
this is a secret message number 426,VJKU KU  CUETGV OGUUCGI PWODGT 426,caesar,2,34,2.0,17
this is a secret message number 427,HPXJ YZcO ZVQHLKC LJGQNV DBDPUY 427,vigenere,oqhr,35,1.5909090909090908,22
this is a secret message number 428,spemgb8haesu4iceetsrsnristam2,columnar,skubp,29,1.7058823529411764,17
this is a secret message number 429,ta  4h  tm en2isseegur9siersam csb,rail_fence,5,34,2.0,17
this is a secret message number 430,AqPZ PZ H ZLJYLA TLZZLHN UBTILY 430,caesar,7,35,2.0588235294117645,17
this is a secret message number 431,UIJ TJT B TFDSFU NFTTBHF OVNCFS h431,caesar,1,36,2.0,18
this is a secret message number 432,ti sasce es ubr42hsi  ertmsame 3,rail_fence,2,32,2.1333333333333333,15
this is a secret message number 433,hscamuriaregm4tietsne3sseseqb3,columnar,xjwz,30,1.875,16
this is a secret message number 434,HSKY BK O lKNKWV XGYDTYG YWSMXJ4 3,vigenere,olcgltsc,34,1.7894736842105263,19
this is a secret message number 435,UJT JT B TFDSFU NFTTBHF sVCNFS 435,caesar,1,34,2.125,16
this is a secret message number 436,WYYV YV Q JUFIWU CqHJIDXU EKPSUwU 436,vigenere,drq,37,1.6818181818181819,22
this is a secret message number 437,JXYI YI Q IUSHUJcCIIQWU DKCRUyH 437,caesar,16,35,1.8421052631578947,19
this is a secret message number 438,attgesabscsu3irsm8hsmerieen4,columnar,cxzquj,28,1.75,16
this is a secret message number 439,itn9ese3ssbhcartdseirg4aemsmu,columnar,tmvhdywk,29,1.7058823529411764,17
this is a secret message number 440,VaRASbKC A UOURMV EEAUKY EPEEBMT 440,vigenere,cksai,36,1.894736842105263,19
this is a secret message number 441,PDEO EOW  OhAYNAP IAOOWCA JIQXAN 441,caesar,22,36,2.1176470588235294,17
this is a secret message number 442,tseu2icsbamnoske4iegrsraehesm,columnar,bxdnlig,29,1.7058823529411764,17
this is a secret message number 443,OOPA PZV  ZMXYLB TLNAHNM UBWULY 443,vigenere,vhhi,35,1.9444444444444444,18
this is a secret message number 444,HVbWG WG O GSQFSH AGSGOUS BIPASF 444,caesar,14,36,2.25,16
this is a secret message number 445,tsce rhi ermsene i ase tsgub45as tam4,rail_fence,4,37,2.3125,16
this is a secret message number 446,hscmaursseseb4iaregm4teitasne6,columnar,zbsf,30,2.0,15
this is a secret message number 447,DTiXF KZ P CQREXV LTSCVRmPBLQEB 447,vigenere,kmpntchzpa,35,1.75,20
this is a secret message number 448,PGHE RB Q rRlOPNC CARRMEN ZIADD 448,vigenere,wzzmyjjmq,35,1.75,20
this is a secret message number 449,t ac s b4hsi  ertmsaneme4 isseegucr9,rail_fence,3,36,2.25,16
this is a secret message number 450,scsu5tatgeirsm0tseibhsmerieen4,columnar,btzair,30,1.875,16
this is a secret message number 451,VJKU KU C UGETGV GUUCIG POWDGT4 51,caesar,2,34,2.0,17
this is a secret message number 452,GUVF VFN FRPERGuZRFFNTR HZORE 452,caesar,13,33,1.9411764705882353,17
this is a secret message number 453,ESTD TD L DPNCPE XPDDLRP YXMCv453,caesar,11,33,1.9411764705882353,17
this is a secret message number 454,IWAN XH V wHTaUMII EZWHPYZ CJEWIG 44,vigenere,ppsve,36,1.7142857142857142,21
this is a secret message number 455,ta  4wh  tmen cisseegur5siersmae csb,rail_fence,5,36,2.1176470588235294,17
this is a secret message number 456,hscmarutietsne6iairegm4sseseb5,columnar,jhnw,30,1.875,16
this is a secret message number 457,ta  4h  tmen 5isseegur7sersame csb,rail_fence,5,34,2.0,17
this is a secret message number 458,RQHH GB P QNGCR LTQQJrT LDLQCP 458,vigenere,yjzpy,34,2.0,17
this is a secret message number 459,UIJT JT B TSFDFU NFTTBHF OVNCFS 45x9,caesar,1,36,2.0,18
this is a secret message number 460,DWBH XL KLMTGXI BXHCPZT CNBLTKu 460,vigenere,kptp,35,1.75,20
this is a secret message number 461,RFGQ GQ Y QCAPCR KCQQYCElLSZKCP 461,caesar,24,35,1.9444444444444444,18
this is a secret message number 462,TOZV DF I SLUTTO DMFSHXl IHDJRR 46,vigenere,ahrdpvnrin,34,1.7894736842105263,19
this is a secret message number 463,UIJT JT BT fFDSFU NFTTBHF OVNCFSg463,caesar,1,36,1.894736842105263,19
this is a secret message number 464,VzTXR EX X ETBXTF JGEHZM IRONTQ 464,vigenere,cmpzgpmvx,35,1.75,20
this is a secret message number 465,t acs  b4hsi  ertmsaenmek6isseegu5,rail_fence,3,34,1.8888888888888888,18
this is a secret message number 466,tsycq rhi hrmsene i ase sgub46s tam6,rail_fence,4,36,2.0,18
this is a secret message number 467,HSMG G E DIQCIH QSDWORI YYAIMF4 67,vigenere,ole,34,1.7894736842105263,19
this is a secret message number 468,OPPElEZ QzNMJDLP IUTNIaQ JBIRFM 468,vigenere,vihmhwhwqb,35,1.5217391304347827,23
this is a secret message number 469,hsmerieen4irvsm9seabsclu6tatge,columnar,zabwlt,30,1.6666666666666667,18
this is a secret message number 470,JFVJ MU Q VFQVuGV KRJGEIG LHDPT 470,vigenere,qynroecc,35,1.6666666666666667,21
this is a secret message number 471,mcsu7tatgeieen4irsm1siabhsmer,columnar,mtpfqs,29,1.8125,16
this is a secret message number 472,GUVF VF NFRPERG ZFFNTR AHZORdE 472,caesar,13,34,1.8888888888888888,18
this is a secret message number 473,tsce rhi ermsene i asee sgub4z3s tma7,rail_fence,4,37,2.0555555555555554,18
this is a secret message number 474,OCDn DN V NZXMO HZNNBVZ IPHWZM 474,caesar,21,34,2.0,17
this is a secret message number 475,aemxirg4ssbitn5hcarsmusee7tyese,columnar,znjwmshk,31,1.7222222222222223,18
this is a secret message number 476,ti sacse esg uur46hsit  ertmsaenme 7,rail_fence,2,36,2.25,16
this is a secret message number 477,GYOF OF G JKPIKG SJRYNXK EAZKSE 4s77,vigenere,nrg,36,1.894736842105263,19
this is a secret message number 478,MAUG RI T ESQAUQ FQGGWJB GGArN 478,vigenere,ttmoojqx,34,1.7,20
this is a secret message number 479,AOZ PZ H ZmJYLA LZZHNL UBTILY 479,caesar,7,33,1.8333333333333333,18
this is a secret message number 480,hcakssbirg4see8aemsmutin0tese,columnar,vadgutoc,29,1.7058823529411764,17
this is a secret message number 481,hcaraemmuteuessbirg4see8itn1,columnar,lcrvzhfo,28,1.75,16
this is a secret message number 482,zLYUJ OK M KUIQK WSJERXK EGDSKJ 482,vigenere,srmrrg,35,1.6666666666666667,21
this is a secret message number 483,UIJT JT B TFDSFU NFTBFH OVNCaS 483,caesar,1,34,1.8888888888888888,18
this is a secret message number 484,JYHG XIZ  BTSIDH BUJROTP ETAKTH 484,vigenere,qrzojp,35,1.6666666666666667,21
this is a secret message number 485,JXYI YI Q IUSHUJq CUIIQWeU KCRUH 485,caesar,16,36,2.0,18
this is a secret message number 486,QEFP FP X PBOZBQ JBPPXDB KReYO 486,caesar,23,34,1.8888888888888888,18
this is a secret message number 487,zKLV LV D HFUHW PHVVDJH QXPEHU 48c7,caesar,3,35,1.8421052631578947,19
this is a secret message number 488,tw sasce esgubr48hsi  ertmsaeknme 8,rail_fence,2,35,1.9444444444444444,18
this is a secret message number 489,susee8ssbhcaritn9aemig4tese,columnar,zmwfpdvg,27,1.6875,16
this is a secret message number 490,tsce rhi ermsene i sae sgub0s taam9,rail_fence,4,35,2.1875,16
this is a secret message number 491,UIJT JT B TFDSFU NFTTkHF OVCFS 4k1,caesar,1,34,2.0,17
this is a secret message number 492,ssesdb9iaregm4tiesne2hscmaur,columnar,jqga,28,1.6470588235294117,17
this is a secret message number 493,tsrsnrigstam9semgb3iceeeheaesu4,columnar,dtjns,31,1.9375,16
this is a secret message number 494,BCM CM U MYWLYN GYMMUAY HeGVYL494,caesar,20,33,2.0625,16
this is a secret message number 495,AOPZ PZ H ZLJYLA TLZZNL UBTIY g495,caesar,7,34,1.8888888888888888,18
this is a secret message number 496,DNJB OM G BDILOd VDYMKMfF MAcLKS 496,vigenere,kgbjzgu,36,1.6363636363636365,22
this is a secret message number 497,QZVJ Y PN NUZJRK CKFRBU FDWUO 497,vigenere,xsnrvq,33,1.65,20
this is a secret message number 498,sraeicshesmtsue8iegramn9ste4,columnar,nhgasvt,28,1.8666666666666667,15
this is a secret message number 499,t acd s b4hssi  ertmsaenem 9isseegur9,rail_fence,3,37,2.176470588235294,17
this is a secret message number 500,INM NM F TJWSJN RYTXUbJ OZGgJL 500,vigenere,ubf,34,1.619047619047619,21
this is a secret message number 501,lseabscsu0ieen5hsmerirsum1tatge,columnar,smjcna,31,1.8235294117647058,17
this is a secret message number 502,INZI XY Q HKBTHI DUPHGXU CADmBG 502,vigenere,pgrqx,35,1.6666666666666667,21
this is a secret message number 503,ONDH AT H NKXGJL FLXNjBT FFJM 503,vigenere,vgvpfsbthf,33,1.736842105263158,19
this is a secret message number 504,irg5tesecaritn4gssbsmusee0aem,columnar,bdasgqzk,29,1.9333333333333333,15
this is a secret message number 505,eabirsm5hsmetatgescsu0ieen5,columnar,uozyne,27,1.8,15
this is a secret message number 506,SmGHR HR Z RDjBQDS LDRRZDF MTLADQ 506,caesar,25,37,1.9473684210526316,19
this is a secret message number 507,XtOV CI EY HQULO BKVGUWZ CAPPYH 507,vigenere,epgdouqv,35,1.5217391304347827,23
this is a secret message number 508,tsce rhie rtene i ase sgub58s tam0,rail_fence,4,34,2.0,17
this is a secret message number 509,pZAK AK S KWUJWL WqKKSYW FMETWJ 509,caesar,18,35,1.8421052631578947,19
this is a secret message number 510,hcaraemirg5btesesmuitn0ssbsee1,columnar,jaixpmhs,30,1.875,16
this is a secret message number 511,UDEU YJ B OGEwHZ IAUQXK JQODUI 511,vigenere,bwwccqrg,34,1.7894736842105263,19
this is a secret message number 512,JXY IIY QcIUSHUJ CUIIQWU DKCRUH 512,caesar,16,35,1.9444444444444444,18
this is a secret message number 513,LJMN Qd E IMUTI UWUWVWM PYHRMJ o513,vigenere,scevqi,35,1.6666666666666667,21
this is a secret message number 514,tsce rhie rmsene  iase sgub54sk tam1,rail_fence,4,36,2.0,18
this is a secret message number 515,TOPX PZ A ZJCYLY TLXHNbJ UaRBLY 515,vigenere,ahhf,35,1.75,20
this is a secret message number 516,sraeicgbiegramn1resmtseu6ste5,columnar,wrbagzk,29,1.9333333333333333,15
this is a secret message number 517,t acd s bh5si  ertmsaenme 1issegeur7,rail_fence,3,36,2.0,18
this is a secret message number 518,tsclerhi ermesne i ase sgub58s tam1,rail_fence,4,35,1.9444444444444444,18
this is a secret message number 519,ESTD TD L lDPNCPE XPDDLRP aYFXMPC 51f,caesar,11,37,1.9473684210526316,19
this is a secret message number 520,XUIX GE N FEHVF ZIFSFKC BfHQOrEW 520,vigenere,enafeymon,36,1.565217391304348,23
this is a secret message number 521,VJKU KU a UGETGV OGUUCIG PWOG T521,caesar,2,34,2.0,17
this is a secret message number 522,GNsE IW G EXCVRZ YwSWNMlD GUQOKQ 522,vigenere,ngzmtae,36,1.5,24
this is a secret message number 523,tatgehsmerseabirm3scsu2iee5,columnar,ahyvtm,27,1.8,15
this is a secret message number 524,see2hcmraemtesesmuirg5ssbint4,columnar,gdncylfo,29,1.8125,16
this is a secret message number 525,t ac s b5hsi  etxsaene 2isseegur5,rail_fence,3,33,2.0625,16
this is a secret message number 526,NBCM M U MYWLYN GYMMUAY HGOVY L526,caesar,20,34,2.0,17
this is a secret message number 527,FjUE UE M EQODQF YdQEEMSQ ZGYNQD 27,caesar,12,35,2.0588235294117645,17
this is a secret message number 528,YFGX GX Y QCHPCY KJFQECLSRZCW 528,vigenere,fyy,33,1.65,20
this is a secret message number 529,RFG oGQ Y QCAPCR KCQQYEC LSKZCP 59,caesar,24,34,2.0,17
this is a secret message number 530,BYJ UZB R UXTAK OXJBIXF GLVJVS5 30,vigenere,irbctrj,34,1.619047619047619,21
this is a secret message number 531,iaeegm5tietsn1sseseb3hscmaur,columnar,gvbl,28,1.75,16
this is a secret message number 532,KKJY ET R TENFV PFYUWHG QSDSA 532,vigenere,rdbgcwbc,33,1.5,22
this is a secret message number 533,MABL BL T LXVKXM qFXLLTZX GNFUXK 533,caesar,19,36,2.1176470588235294,17
this is a secret message number 534,FTUE UE M EQODQF YQEEMQ ZGYNj D534,caesar,12,34,2.0,17
this is a secret message number 535,tsce rki ermsene i ase sgnb55s tal3,rail_fence,4,35,2.1875,16
this is a secret message number 536,DRSC SbK COMBOD WOyCKQO XEWLOB 536,caesar,10,34,1.7894736842105263,19
this is a secret message number 537,tsce rhi ertmsene i ase sgub5eg7s tam3,rail_fence,4,38,2.235294117647059,17
this is a secret message number 538,t ac s n5hsi  ertmsaemne3isseegur8,rail_fence,3,34,2.125,16
this is a secret message number 539,NBCM MC Un MYbLYN GYMMUAY HOGVYL 539,caesar,20,36,2.0,18
this is a secret message number 540,hscmaursdejeb4tietsne0iaregm5,columnar,tjzp,29,1.6111111111111112,18
this is a secret message number 541,UIJT JT B TFDSFU NmFTTBHF zVNCFS 541,caesar,1,36,2.0,18
this is a secret message number 542,HPDN WA V dGMXMH HZDGIBZ BCHWPF542,vigenere,oivvl,34,1.7,20
this is a secret message number 543,t ac s b5hsi  ertmsaenem 4isseegeu3,rail_fence,3,35,2.0588235294117645,17
this is a secret message number 544,QEFP PX PBZOBQ JBPPXDBK RJYBO 544,caesar,23,33,2.0625,16
this is a secret message number 545,hsmerirsmacssu4seabtatgeieen5,columnar,xeykjt,29,1.9333333333333333,15
this is a secret message number 546,see4int6hcaretsessbirg5smuaem,columnar,ihoaepzm,29,1.8125,16
this is a secret message number 547,irs7seabscsu4tatgehsmeriekn5,columnar,rwynfl,28,1.6470588235294117,17
this is a secret message number 548,SXOB PQ B RUIAuWA DFQRQMN UkSDCCQ 548,vigenere,zqgjshyrby,37,1.6818181818181819,22
this is a secret message number 549,tsce rhi ersene i ase sugb59s taim4,rail_fence,4,35,2.0588235294117645,17
this is a secret message number 550,HpVWG WG O GSQFSH ASGGkUS IBAPSF 550,caesar,14,36,2.0,18
this is a secret message number 551,JYI YI Q IUSHUJ CUIIQWU DKCRUH rt51,caesar,16,35,2.0588235294117645,17
this is a secret message number 552,WLV LV D VHFHUW PHVVDJH XQPEHU 552,caesar,3,34,2.2666666666666666,15
this is a secret message number 553,iaregm5sseseb5tvetsne3htscmaur,columnar,uwrt,30,1.875,16
this is a secret message number 554,CTJW eIR nJ TIWRDY YWMAFJ ZVQVEQ 554,vigenere,jmbeuazf,36,1.8,20
this is a secret message number 555,tis asce esg ubr55hsi  ertsmenme 5,rail_fence,2,34,2.2666666666666666,15
this is a secret message number 556,kcarteseitn6aemssbsmuirg5see,columnar,ebyzgwhm,28,1.8666666666666667,15
this is a secret message number 557,t ac s b5hsi pv ertysaenme 5isseegur7,rail_fence,3,37,1.9473684210526316,19
this is a secret message number 558,QEFP FP X rBZOBQ JBPPDcB KRJYBO 558,caesar,23,35,1.9444444444444444,18
this is a secret message number 559,tsce rhi ermseaei  asevsgub59s tam5,rail_fence,4,35,2.1875,16
this is a secret message number 560,IVBIx QR P SNWZDU AEtBMIFF BUVVMQ 560,vigenere,poajuizb,37,1.6818181818181819,22
this is a secret message number 561,HBKC WMgK GYEBCH OOQGUIOi mBOOLCF 561,vigenere,oucky,37,1.6818181818181819,22
this is a secret message number 562,KYZJ ZJ R JVIVK DVJJRXV ELlSVI 562,caesar,17,34,2.0,17
this is a secret message number 563,NBCM CMU MbWLYN YGMMUAY HOGVYL 563,caesar,20,34,1.8888888888888888,18
this is a secret message number 564,icsbiegrssraetseu4amnhesmste5,columnar,ipbedyn,29,1.9333333333333333,15
this is a secret message number 565,ZNOY OY G YKIXKZ KyYYGMK TASHKX565,caesar,6,34,2.0,17
this is a secret message number 566,CZSX ACJ hCJLJOYyEOXBSQJ FERKWB 566,vigenere,jskf,35,1.6666666666666667,21
this is a secret message number 567,iaregm5hsucmaurtietsne7sseseb,columnar,gdbs,29,1.9333333333333333,15
this is a secret message number 568,ti sasce esg ubr58hfi  ertmbenme 6,rail_fence,2,34,1.8888888888888888,18
this is a secret message number 569,tsce rhi ermenei ase sgub59s tjam6,rail_fence,4,34,1.8888888888888888,18
this is a secret message number 570,MABL BL TL XVKXM FXLLTZX NfUXK 570,caesar,19,34,2.0,17
this is a secret message number 571,ti sasce es xgubrv1hsi  ertmsaenme 7,rail_fence,2,36,2.0,18
this is a secret message number 572,isarelgm5sseseb7tietsne2hscmaur,columnar,uwfk,31,1.8235294117647058,17
this is a secret message number 573,EQEN UI UD NYlMDF YYHDJZC ZKYVTC 573,vigenere,ljwvzmqmup,36,1.7142857142857142,21
this is a secret message number 574,semgbi4ceeehaesu5istam7tvrsnr,columnar,yowgi,29,1.7058823529411764,17
this is a secret message number 575,ti sasce esg ubr55dhs  ertmsamnme 7,rail_fence,2,35,2.0588235294117645,17
this is a secret message number 576,t ac s b5esip  ertmsaenme 7isseegur,rail_fence,3,35,2.1875,16
this is a secret message number 577,iceeehaesu5semgo7srsnristam7,columnar,neymd,28,1.8666666666666667,15
this is a secret message number 578,HfWGe WG O GSQFSH ASGGOUS BIAPSFd578,caesar,14,36,1.894736842105263,19
this is a secret message number 579,semg9bhaesu5trssnristam7iceee,columnar,jhncs,29,1.8125,16
this is a secret message number 580,iceeehaesu5istam8tsrsnksegb0,columnar,wrvxa,28,1.6470588235294117,17
this is a secret message number 581,ssbhcaritn1teesek8smuirg5aem,columnar,pkxsnvyf,28,1.6470588235294117,17
this is a secret message number 582,tsce rhi ermsen eias sgub52s tam8,rail_fence,4,33,1.9411764705882353,17
this is a secret message number 583,KFPM Zw UyJChLVK TYJJYNY ESTVVI 583,vigenere,ryhur,35,1.5217391304347827,23
this is a secret message number 584,seabscsu8tatgehsemrieen5srsm4,columnar,noqhsf,29,1.8125,16
this is a secret message number 585,YQAH S  KTXBAY VWHNKoCJ WMBWON 585,vigenere,fjspvkwf,34,1.7,20
this is a secret message number 586,GUVF VF N FRPEG ZRFFNTRj AHZOReE 586,caesar,13,36,1.894736842105263,19
this is a secret message number 587,tav  5h  tmen 8iseegur7siersame csb,rail_fence,5,35,1.9444444444444444,18
this is a secret message number 588,DRSC SC K COMBOk WOCCKQO xEWLO B588,caesar,10,35,2.0588235294117645,17
this is a secret message number 589,OEVQ PN X PRAGLO JZPFYVL URHxRP 5zo9,vigenere,vxnyphvhx,36,1.565217391304348,23
this is a secret message number 590,BCsG RA J NKMNH sMNBOGN IDABNZ 590,vigenere,ivjoaj,34,1.7894736842105263,19
this is a secret message number 591,jHVWG WG O GSQFSH ASGGwOU BIAPSF 591,caesar,14,36,1.894736842105263,19
this is a secret message number 592,t ac s b5hs  iermtsaenme 9isseegur2,rail_fence,3,35,2.0588235294117645,17
this is a secret message number 593,QEFPo F X PBZOBQ JlPPXDB KRJYBO 593,caesar,23,35,1.8421052631578947,19
this is a secret message number 594,NyBCM C MU MYWLYN GYMMUAY HOGVYL c594,caesar,20,37,1.9473684210526316,19
this is a secret message number 595,esabirsm5ieen5hsmertatuescsu9,columnar,pnjxhe,29,2.0714285714285716,14
this is a secret message number 596,CIKT GE Q BFESFR aULBBIF eGZRXAs 596,vigenere,jbcbbymnqt,36,1.565217391304348,23
this is a secret message number 597,BERj Fy NPNFABF ZMPBDPB KHUYNU 597,vigenere,ixjdjxmxn,34,1.7,20
this is a secret message number 598,ltsce rhi ermsene i sae sgub58stam9,rail_fence,4,35,1.9444444444444444,18
this is a secret message number 599,VdBUBUbT YXEXXV FGYLCMX TNOHXT 599,vigenere,cgt,34,1.7,20
this is a secret message number 600,tse6amn0tseu0icsbigersraehesm,columnar,hyjvodg,29,1.9333333333333333,15
this is a secret message number 601,VxYC wQJ G IOMZVC AUCCIXN BKWLMI 601,vigenere,goqkkirj,36,1.5,24
this is a secret message number 602,WHXX SLj F VEWRVW BJJVAVJ QUBGVU 602,vigenere,dapfr,36,1.8,20
this is a secret message number 603,NBCM CM U MqWLYN GYaMUAsY HOGVYL 603,caesar,20,36,1.8,20
this is a secret message number 604,ta  6h  tmbn 0isseegursiersame scb,rail_fence,5,34,2.125,16
this is a secret message number 605,hscmauiraregm6tietne5sseseb0,columnar,wcjy,28,1.75,16
this is a secret message number 606,XHOJ W G sVMGRKKUISYRJM NADEMV 606,vigenere,eagrdi,34,1.5454545454545454,22
this is a secret message number 607,istam0yceeehaesu6semgb7tsrnsr,columnar,qgaoe,29,1.7058823529411764,17
this is a secret message number 608,ti assce esg ubr68his  ertmsaemne 0,rail_fence,2,35,2.0588235294117645,17
this is a secret message number 609,HVWG sG O SGQFSH SAGGOUS BIAPSF 609,caesar,14,35,1.9444444444444444,18
this is a secret message number 610,CQRB RB J BNLANC VBNBJPN WDVKNqA610,caesar,9,35,1.9444444444444444,18
this is a secret message number 611,IDUH UH M OQtNQI yTOEPCQ xJGBXQG 611,vigenere,pwm,36,1.6363636363636365,22
this is a secret message number 612,ti salsce esg ubr62hsi  ertmsaenm 1,rail_fence,2,35,1.9444444444444444,18
this is a secret message number 613,tsce rhi emryene i ase sgub63sotam1,rail_fence,4,35,1.8421052631578947,19
this is a secret message number 614,haesu6trsnristam1qsemgb4iceee,columnar,rlvwz,29,1.7058823529411764,17
this is a secret message number 615,JKU KU C UGETG VOGUUCIG PmWODGT 615,caesar,2,35,1.9444444444444444,18
this is a secret message number 616,scsu1ieen6seabatgeiesm6hsmer,columnar,uzpawt,28,1.8666666666666667,15
this is a secret message number 617,hesmste6bcsbiegrtseu7sraeaan1,columnar,tflushx,29,1.8125,16
this is a secret message number 618,haesu6icweetsrsnrsemgb8stam1,columnar,rdvtq,28,1.6470588235294117,17
this is a secret message number 619,bWUNB DV F HZvEJC HHFJXVZ AZVQZU 619,vigenere,dnfjpv,36,1.7142857142857142,21
this is a secret message number 620,hsmerien6irsm0tattescsu2seab,columnar,nceqhs,28,1.8666666666666667,15
this is a secret message number 621,tjac s b6hsi  ertmsaenme 2siseegur1,rail_fence,3,35,1.9444444444444444,18
this is a secret message number 622,tsce h iermsen i ase sgub62s tam2,rail_fence,4,33,2.0625,16
this is a secret message number 623,RME SQ E KOASIF WCTWYO OYYOTP 623,vigenere,ybemsk,33,1.736842105263158,19
this is a secret message number 624,RTBJ CM O EXTWN ACELRLY TIKNXI62,vigenere,ymtrfuugo,32,1.6842105263157894,19
this is a secret message number 625,ta  6h  tmen 2iseewur5siersame csb,rail_fence,5,34,2.0,17
this is a secret message number 626,ta  6nh  tmen 2isseegur6siersaaxe csb,rail_fence,5,37,2.176470588235294,17
this is a secret message number 627,FIOM PE G BgLOSKN TQTYUPLO AhGKLD 627,vigenere,mbgujh,37,1.5416666666666667,24
this is a secret message number 628,ZUSP DS N PBXRKG JBNSGT OKPMHRBq 268,vigenere,gnkxxva,36,1.7142857142857142,21
this is a secret message number 629,LPIT vAAdB KMCSSL MFGKIGFF CMCSJ 629,vigenere,siabo,36,1.894736842105263,19
this is a secret message number 630,tsce hi ermsnee i ase sgub60w tam3,rail_fence,4,34,1.8888888888888888,18
this is a secret message number 631,LZArK AKs S KWUJWL EWjKKSYW FMETWJ 631,caesar,18,38,1.9,20
this is a secret message number 632,tsce rhi ersmeen i ase sgub62ks tam3,rail_fence,4,36,2.0,18
this is a secret message number 633,tii sasce esg urb63hsi  ertmsaenme f,rail_fence,2,36,2.1176470588235294,17
this is a secret message number 634,OTRH DEc  NQLGJO VTXNMPT IGVuQJM 634,vigenere,vmjpf,36,1.6363636363636365,22
this is a secret message number 635,BPQA A I AMKZMB UMAgIOM VCUJMZ 63z,caesar,8,34,1.8888888888888888,18
this is a secret message number 636,KHRUNJ lJ YJTRNV RVSBCM NDOHJI 636,vigenere,rajcgf,34,1.7,20
this is a secret message number 637,HCtP QW O DBFIZBzHPPVIKM IFJEMV 637,vigenere,ovlxdiei,35,1.5909090909090908,22
this is a secret message number 638,iaem6sseseb3hscmaurtietsne8,columnar,ecab,27,1.8,15
this is a secret message number 639,hesmicsbman3stek6tseu9iegrsrae,columnar,pcfxunl,30,1.7647058823529411,17
this is a secret message number 640,ta  m6h  tmen 4igsseegur0sierame csb,rail_fence,5,36,2.1176470588235294,17
this is a secret message number 641,YNAXAX S YWHXlY EJYKFMW TMRHW W641,vigenere,fgs,34,1.7894736842105263,19
this is a secret message number 642,ti sasc eesg ubr62hsi  ertmaenml 4,rail_fence,2,34,1.8888888888888888,18
this is a secret message number 643,DPSHJT U CMMGSU ZYRCIQT fVZVDB 643,vigenere,kikpobbnuz,34,1.5454545454545454,22
this is a secret message number 644,tcsse rhi ermsene i ase gsub64s tam4,rail_fence,4,36,2.25,16
this is a secret message number 645,KYZJ ZJ R sJVTIVKD VJJXV ELDSVI 645,caesar,17,35,1.9444444444444444,18
this is a secret message number 646,FWVJ WR M FPVFDGB RJFOFR HCDOSQ 646,vigenere,mpnrnozn,35,1.9444444444444444,18
this is a secret message number 647,ssesebh4scamuriaregm6tietsne7,columnar,pehb,29,1.8125,16
this is a secret message number 648,ZAVW PV G FIXYHL FRWNHJW fQHWLU648,vigenere,gtnevhds,34,1.5454545454545454,22
this is a secret message number 649,tseu9hesmicsbamn4iegrse6zsrae,columnar,bcdumof,29,1.7058823529411764,17
this is a secret message number 650,ti sas eesg ubr60hsi  xertmsaenme 5,rail_fence,2,35,2.0588235294117645,17
this is a secret message number 651,BPQAQ A I AMKZMB UMAAIOM CUJnMZ 651,caesar,8,35,2.0588235294117645,17
this is a secret message number 652,t ac s b6hsi  ertsmenme 5ivseegur2,rail_fence,3,34,1.8888888888888888,18
this is a secret message number 653,GUVF VF N FREPRG RZFFNTR AHZRE 653,caesar,13,34,2.125,16
this is a secret message number 654,DRSC SC KC OMkOD WOCCKQO XEWLOB 65,caesar,10,34,2.0,17
this is a secret message number 655,NBrCM CM U MYWLYNu GYMzMUAY HOGVYL 655,caesar,20,38,2.0,19
this is a secret message number 656,hscmaursseseb5txetsnesiaregm6,columnar,kdzh,29,1.8125,16
this is a secret message number 657,vta i 6h  tmen 5isseegur7siersamexcsb,rail_fence,5,37,1.9473684210526316,19
this is a secret message number 658,istam5tsrsnriceeesevgb8haesum6,columnar,iygxl,30,1.7647058823529411,17
this is a secret message number 659,LEMK TN XrKNMWQ EFDNSD IOFHTBV 659,vigenere,sxesblv,34,1.5454545454545454,22
this is a secret message number 660,AZPQ rK Y ZWJPZA mCNZSNC UMTZuZY 660,vigenere,hshyv,36,1.8,20
this is a secret message number 661,aemssbsmiitn1hcartesesee6irgb6,columnar,utwvogab,30,2.142857142857143,14
this is a secret message number 662,FPEL QKhI YKJQB FyAKMOA HCENMN 662,vigenere,miwtuis,34,1.619047619047619,21
this is a secret message number 663,ti sasce esg ubr63hsi  etrmsaenem y,rail_fence,2,35,2.0588235294117645,17
this is a secret message number 664,icsbamn6tseu4ehssmraeiegrste6,columnar,jkbnqre,29,1.9333333333333333,15
this is a secret message number 665,BPQA QA I AMKZMB UMAtIOM VUCaJMZ 665,caesar,8,36,2.0,18
this is a secret message number 666,GRIT qDA Y CEDWZB KRCSBLZASZLErS 666,vigenere,nkabfviny,36,1.894736842105263,19
this is a secret message number 667,tsce rhi ermsene vi ase sguf67s am6,rail_fence,4,35,2.0588235294117645,17
this is a secret message number 668,haesu6seg8iceeetsrsnristam6,columnar,kcndj,27,1.9285714285714286,14
this is a secret message number 669,tscer hi ermsenemi ase sguhb69s tam6,rail_fence,4,36,2.25,16
this is a secret message number 670,YMNX NX F XJHWJ YRJXXFeLJ SpRGJW 670,caesar,5,36,2.0,18
this is a secret message number 671,SGHR HR Z iDBQDS LDRRrFD MTLAeQ 671,caesar,25,35,1.75,20
this is a secret message number 672,RCI QV P ROWHD BITERKAU VIQQQ 672,vigenere,zkuqzidwpm,33,1.65,20
this is a secret message number 673,QNBuEP U SAZXYC IgYMJGA TOVBAO 673,vigenere,xgujaw,34,1.36,25
this is a secret message number 674,sea7ssbitn4irg6tesepsmuhcaraem,columnar,syrblvzd,30,1.7647058823529411,17
this is a secret message number 675,QEFb FP XPBZOlQ JBPPXDB KRJYBO 675,caesar,23,34,1.7894736842105263,19
this is a secret message number 676,ti sasceesg ubrh66hs  ertmsaenme 7,rail_fence,2,34,2.125,16
this is a secret message number 677,ti sasce esg ubr67hsi  ertmenme 7,rail_fence,2,33,2.0625,16
this is a secret message number 678,XRAZ  MCH WOUYWX ELtWKYL REEIWV 678,vigenere,ekshs,35,1.6666666666666667,21
this is a secret message number 679,ZXSY S YK IOIHOZ WKICrWOD ESROX 679,vigenere,gqk,35,1.9444444444444444,18
this is a secret message number 680,istam8haesu6iceetsrsnrsmgb0,columnar,nfcuj,27,1.6875,16
this is a secret message number 681,NUKA KQ W FGKZGRhYFUIOG LQGOGZ 861,vigenere,unciicyyw,34,1.7894736842105263,19
this is a secret message number 682,seaboieen6tatgescswu8irsm2hsmer,columnar,kzisvb,31,1.7222222222222223,18
this is a secret message number 683,MABL BLT pXVKXM FhLLTZX GNFUXK 683,caesar,19,34,1.7894736842105263,19
this is a secret message number 684,ieean6hsmersebscsu8tatgeirsm4,columnar,tcbrud,29,1.8125,16
this is a secret message number 685,CQsRB RB J BNLANC VaBBJPN WDVKNA 865,caesar,9,36,1.894736842105263,19
this is a secret message number 686,t ac s 6bhis  etmsaenme 8isseegur6,rail_fence,3,34,2.125,16
this is a secret message number 687,ZNOYpdOY G YKIXKZ SKYYGMK TASHKX 678,caesar,6,36,1.894736842105263,19
this is a secret message number 688,FZRBU K J EWLAFc VNTESPN ZMVKF D688,vigenere,msjjb,35,1.5909090909090908,22
this is a secret message number 689,JXYoI YIxQ IUSHUJ CgUIIQWU DKCRUH 689,caesar,16,37,1.85,20
this is a secret message number 690,tisasce esg ubr60hsi  ermsaenme 9,rail_fence,2,33,1.9411764705882353,17
this is a secret message number 691,CBJ HPJ J TTKYVL GFAHHXW HVBJL 691,vigenere,jubpihrs,34,1.7894736842105263,19
this is a secret message number 692,LZAK AK k KWUJWL EWKdSYW fFMETWJ 692,caesar,18,36,1.8,20
this is a secret message number 693,GnUVF VF N FRPREG ZRFFNTR AHZRE 693,caesar,13,35,2.0588235294117645,17
this is a secret message number 694,CQRB RB JBNLANC VmNBBJPN WDKVNA 694,caesar,9,35,1.9444444444444444,18
this is a secret message number 695,wt ac k b6hsi  ertmsaenme 9isseegur5,rail_fence,3,36,1.894736842105263,19
this is a secret message number 696,ti sasce seg ubr66hsi  ertmseanme 9,rail_fence,2,35,2.1875,16
this is a secret message number 697,tirsnrsemgb7iceeeista9haesu6,columnar,azycq,28,1.75,16
this is a secret message number 698,ti sasce esg ubr68hsi  ertmsaenmx 9,rail_fence,2,35,1.9444444444444444,18
this is a secret message number 699,KPoOP ZA X JMIOVK SBJJjIMB ECSYVrI 699,vigenere,rigxr,38,1.8095238095238095,21
this is a secret message number 700,JXYI IY Q UISHUJ CUIQWU DKCRUH 700,caesar,16,34,2.125,16
this is a secret message number 701,iaregm7tietsne1sesecb0hscmaur,columnar,prnq,29,1.8125,16
this is a secret message number 702,GUVF VF N FRPERG ZRzFTR AHZORE 702,caesar,13,34,1.8888888888888888,18
this is a secret message number 703,seabirsm3scsu0tatgeieen7hsmre,columnar,nvumfb,29,1.8125,16
this is a secret message number 704,tsce hri ermsene i as esgub74st am0,rail_fence,4,35,2.0588235294117645,17
this is a secret message number 705,ENUA OK x KGNXWV SWUtGYG TMOMKJ 705,vigenere,lgsc,35,1.6666666666666667,21
this is a secret message number 706,ANEQ BJ y YAANXK NLYOYCXg BVTHAP 760,vigenere,hgwywtrob,36,1.6363636363636365,22
this is a secret message number 707,QCRB RB J BNAlNC VNBBJPN WDVKNA 707,caesar,9,35,2.1875,16
this is a secret message number 708,LTWX AEF  KQQWGL AJUKMUJ FAGGJ 708,vigenere,smofc,34,2.0,17
this is a secret message number 709,LLUO VSe E OHPRWX IHFSSKQ QqHMTID 79,vigenere,semwdna,36,1.565217391304348,23
this is a secret message number 710,tietsnedhscamaursseseb1iaregm7,columnar,hqur,30,1.875,16
this is a secret message number 711,VZZG VR  SGUPQGL UAFRCYV DHLDIW 711,vigenere,csroqnz,35,1.75,20
this is a secret message number 712,IYPT UI P FZEDUK LDTUMWV EBNDQH 71o,vigenere,prhbcmqr,35,1.5909090909090908,22
this is a secret message number 713,SGOR pR G KfBQKS SDRYZFK MALAKQ 713,vigenere,zzg,35,1.75,20
this is a secret message number 714,FEHXd ZU S PDHIVV EPRXV UMYYDW 714,vigenere,mxzfrrchs,34,1.7,20
this is a secret message number 715,istam1semgbhtsrsnriwceeehaesu7,columnar,kucin,30,1.875,16
this is a secret message number 716,WKLV L VD VHFUHW pHVVDJH QXPEHU 761,caesar,3,35,1.9444444444444444,18
this is a secret message number 717,zceeeistam1haeu7tsrsnrsemgb7,columnar,pjdqc,28,1.75,16
this is a secret message number 718,itetsne8iaregm7hscmaursseseb1,columnar,afey,29,1.8125,16
this is a secret message number 719,ta  jh  tmen 1issebgur9siersmae csb,rail_fence,5,35,2.0588235294117645,17
this is a secret message number 720,srussbirg7ee2hcarteseitn0aem,columnar,liceqavb,28,1.75,16
this is a secret message number 721,t a s b7hsi  ertmsaemne 2isseegur1,rail_fence,3,34,2.125,16
this is a secret message number 722,ti sasce eg ubr72hsi  ermtsenme 2,rail_fence,2,33,2.0625,16
this is a secret message number 723,JXYI YI Q IUSHUJ CUIIgWU DKCRUH7 23,caesar,16,35,1.9444444444444444,18
this is a secret message number 724,OOQG YNI  WUXYMH CZZAOKU UCAFUx 72,vigenere,vhioeq,34,1.7,20
this is a secret message number 725,GITV Ts L FFNUYE NPHBFHR YQNMTE 725,vigenere,nbldulwblp,35,1.6666666666666667,21
this is a secret message number 726,IFPH GZ P ZTRPLI KLHYNT LBBdCY 726,vigenere,pyhp,34,1.7894736842105263,19
this is a secret message number 727,t ac bs b7hsi  ertmsaenm t2isseegur7,rail_fence,3,36,2.25,16
this is a secret message number 728,ieen7isrm8hsmerkeabscsu2tatge,columnar,qfakch,29,1.7058823529411764,17
this is a secret message number 729,twsce rhi lrmsene i ase sguhb79s tam2,rail_fence,4,37,1.9473684210526316,19
this is a secret message number 730,ta  7uh  tme 3isseegux0siersame csb,rail_fence,5,35,2.0588235294117645,17
this is a secret message number 731,tsce rhi ermsmne ia se sgub71s atm3,rail_fence,4,35,2.0588235294117645,17
this is a secret message number 732,wistam3semgb2iceeehmaesu7tsrsnr,columnar,wsgmq,31,1.8235294117647058,17
this is a secret message number 733,RFGQ GQ  QCAPCR KCQQYyC LSKZPC 733,caesar,24,34,2.125,16
this is a secret message number 734,steuamn3iegrste7sraeicsbhesm,columnar,cxtsgke,28,1.8666666666666667,15
this is a secret message number 735,ti sasoce esg ubr7lhsi  ertmsaenmge 3,rail_fence,2,37,2.0555555555555554,18
this is a secret message number 736,TGSE AZ A CQFJLP LOEVnSNA MEYEW r736,vigenere,azkmdshw,36,1.5,24
this is a secret message number 737,t sasce esg ubr77hs i ertmsaenmje 3,rail_fence,2,35,2.0588235294117645,17
this is a secret message number 738,SGHR HR Z DBDS LDRRZFD MTLAD Q738,caesar,25,33,1.9411764705882353,17
this is a secret message number 739,simdgb9haesu7tsrsnristam3iceee,columnar,ofqdu,30,1.7647058823529411,17
this is a secret message number 740,AOPZm PZ H ZLJYLA TLZZHNLc UBTILY w740,caesar,7,38,1.9,20
this is a secret message number 741,ti sobsce esg ubr71hsi  ertmsaenm 4,rail_fence,2,35,1.9444444444444444,18
this is a secret message number 742,VKFS QO J VBCkxMP VGVPAEM DOEBR 742,vigenere,cdxayiwzj,35,1.5909090909090908,22
this is a secret message number 743,YMTV NX D XJNUNY XHhXFRH SZXENW 4c,vigenere,ffldj,34,1.7,20
this is a secret message number 744,QEFPl F X PBZOBQ JPPXDB KRJYBO 744,caesar,23,34,2.0,17
this is a secret message number 745,MABLg Be T LXVKXM FXLLTZ GNFUXK 745,caesar,19,35,1.8421052631578947,19
this is a secret message number 746,irg7aemsee4ssbitn6teslesfuhcar,columnar,pyeknqfm,30,1.6666666666666667,18
this is a secret message number 747,tietsne7sseseb4hscmuaraaregm7,columnar,awzb,29,1.9333333333333333,15
this is a secret message number 748,t ac s b7hsi  retmsaenme 4siseegur8,rail_fence,3,35,2.0588235294117645,17
this is a secret message number 749,TfLT M F SIFSRt VJJSEJF RRVGVR 749,vigenere,aedbnexjfr,34,2.0,17
this is a secret message number 750,AOPZ PZ H ZLJYhA TLZZaNL UBTxLY 750,caesar,7,35,1.8421052631578947,19
this is a secret message number 751,ZPEF OA uN YMYEUrZ IRIYICR TCIOUX7 51,vigenere,giwnq,37,1.7619047619047619,21
this is a secret message number 752,ti sasce esg ubr72zhsi  hirtmsaenme 5,rail_fence,2,37,2.0555555555555554,18
this is a secret message number 753,RAEX SO H OJBAY WAXZKCJ XQRIOvN 753,vigenere,hkwf,35,1.5909090909090908,22
this is a secret message number 754,tsce rhi ermsene i ase vugb74st am5,rail_fence,4,35,1.9444444444444444,18
this is a secret message number 755, tac s b7hgi  ertmsaenme 5isseegure5,rail_fence,3,36,2.25,16
this is a secret message number 756,itn6aemirg7ssbsmuhcadrtesesee5,columnar,tpizblcj,30,1.7647058823529411,17
this is a secret message number 757,CRYB YB QuULBUC CNCIJQUXKVLUA 757,vigenere,jkq,33,1.8333333333333333,18
this is a secret message number 758,tsce rh ermsene i sae gsub78s tam5,rail_fence,4,34,2.0,17
this is a secret message number 759,aemsmuitn9ssbsee5rirg7tesenhcar,columnar,tzsoihdl,31,1.9375,16
this is a secret message number 760,t ac s k7hsi  ertmsaenmee 6qisseegur0,rail_fence,3,37,2.0555555555555554,18
this is a secret message number 761,RFGQ GQ Y QCAPCK CQQEYC LSKZCP 761,caesar,24,34,2.0,17
this is a secret message number 762,MALB BL T LXVKXcM FXLLTZX NGFUXK 762,caesar,19,36,2.0,18
this is a secret message number 763,sseseqb6hscmartietsne3iaregm7,columnar,ifkd,29,1.8125,16
this is a secret message number 764,BRCW PJI MIMYVwK WYWCHXV XOQLLI764,vigenere,ikuekhrr,34,1.619047619047619,21
this is a secret message number 765,ta  7h  tmen 6isseegru5sieryame csb,rail_fence,5,35,1.9444444444444444,18
this is a secret message number 766,t asce esg ubr76hsi  ertmsaennme 6,rail_fence,2,34,2.125,16
this is a secret message number 767,see6esessbhcaraemitn7smirg7,columnar,cjvamrkg,27,1.9285714285714286,14
this is a secret message number 768,itn8tesesee6hcarssbsmuaemkg7,columnar,gkvjaopn,28,1.6470588235294117,17
this is a secret message number 769,egrsraeamn6hesmtseu9icsbsted7,columnar,liofcvg,29,1.7058823529411764,17
this is a secret message number 770,at  7hk  tmen 7issegeur0siersame csb,rail_fence,5,36,2.1176470588235294,17
this is a secret message number 771,KZZU UJ A QTJVV YVKJCOQ FLOJQk 771,vigenere,rsrcim,34,2.0,17
this is a secret message number 772,RQRQ RQ J BNANR CVBBYPN WvDKKNP 772,vigenere,yjj,35,2.0588235294117645,17
this is a secret message number 773,xREWN Q O CMAOSO UCPGVQM KIHLMP 773,vigenere,yxovki,35,1.5909090909090908,22
this is a secret message number 774,LZK AK  KWUJWL EWKKSWY FMETWJ 774,caesar,18,33,2.0625,16
this is a secret message number 775,tietsne5hscwmauriarpegm7sseseb7,columnar,hnrv,31,1.8235294117647058,17
this is a secret message number 776,t ac sb7hsi  retmsaaenme 7isseegur6,rail_fence,3,35,2.1875,16
this is a secret message number 777,SGHR HR nZ RDQBDS hDRRZFD MTLADQ 777,caesar,25,36,2.1176470588235294,17
this is a secret message number 778,CxVF E FJ FRLNRG IRFBWTR JlZKAE 778,vigenere,jwnn,35,1.6666666666666667,21
this is a secret message number 779,tsce rhi remene i ase sgub79t tam7,rail_fence,4,34,2.125,16
this is a secret message number 780,ILVZ VY A HIPYKifHEEHETL AAHBQG 7x0,vigenere,penhgngvam,35,1.75,20
this is a secret message number 781,ta  7hm tmen 8isseegur1siermsae csb,rail_fence,5,35,2.0588235294117645,17
this is a secret message number 782,HVWG WG O GSQFSH rSAGGOUS BIAPeF 782,caesar,14,36,1.894736842105263,19
this is a secret message number 783,tietsnie3hscmarsseseb8iaregm7,columnar,ache,29,1.9333333333333333,15
this is a secret message number 784,CQRBRB J BNLANC VNBBJNP WDVNA 784,caesar,9,33,2.0625,16
this is a secret message number 785,LANQ AB S AZUKMOcFMNKTOZ GCHTXZ 785,vigenere,stiv,35,1.5909090909090908,22
this is a secret message number 786,tisasce esg ubr76hnsi  ertmsaenme 8,rail_fence,2,35,2.0588235294117645,17
this is a secret message number 787,icsbsraeteu7iegarhesmamn8ste7,columnar,eubdlzx,29,1.9333333333333333,15
this is a secret message number 788,NBCM CM UM YWLN GYMMUAY HOGVYL 78k8,caesar,20,35,2.0588235294117645,17
this is a secret message number 789,t ac s b7khsi  ertmsfaenme 8ihsseegur9,rail_fence,3,38,2.0,19
this is a secret message number 790,AoOPZ PZ H ZLeYAL TLZZHNL UBTILY 790,caesar,7,36,2.0,18
this is a secret message number 791,t azc s b7hsi  ertsseanme 9isseegur1,rail_fence,3,36,2.0,18
this is a secret message number 792,icsiegrhesmsthe7sraeamn9tseu2,columnar,uobrdqt,29,1.9333333333333333,15
this is a secret message number 793,ODDZ RT C OZJEN OZONHTN WHXZY 793,vigenere,vwvhnjbuc,33,1.9411764705882353,17
this is a secret message number 794,ESDT TDh L DPNCPE uPDDLRP YFXMPC 794,caesar,11,36,1.894736842105263,19
this is a secret message number 795,ZNOY OY G YKIKXZ SKYYGMK TSHkKX 795,caesar,6,35,2.0588235294117645,17
this is a secret message number 796,OPYN QI V IZXZUO UUNIW VKHWaMH 796,vigenere,viqv,34,1.7894736842105263,19
this is a secret message number 797,tsce rxi ermsnee i ase sgb77s tam9,rail_fence,4,34,2.2666666666666666,15
this is a secret message number 798,LZAK AK  SWUJWL EWKKSYW FMTWJ 798,caesar,18,33,1.9411764705882353,17
this is a secret message number 799,HVBQ KG I LGQFMC OSGAJZG BChVUGFo799,vigenere,ooijtc,36,1.6363636363636365,22
this is a secret message number 800,hscmarsseseb0iargem8tietsne0,columnar,wcri,28,2.0,14
this is a secret message number 801,t ac s b8his  ermtsaenme 0isseegurl1,rail_fence,3,36,2.0,18
this is a secret message number 802,t acz s b8hsq  ertmsaenme 0isseekur2,rail_fence,3,36,1.894736842105263,19
this is a secret message number 803,istam0semgb3aesu8vsrsnriceee,columnar,omcfp,28,1.75,16
this is a secret message number 804,tesesmuitni4rg8hcaraemsssee0,columnar,dqmzjiwx,28,1.8666666666666667,15
this is a secret message number 805,DRSC SC KCOBOD WOCCKQO XEWgLOB 805,caesar,10,34,2.0,17
this is a secret message number 806,amn0csbsteeiegrsraehesmtseu6,columnar,zodnhfb,28,1.8666666666666667,15
this is a secret message number 807,BZNy QY I XJICHE EJXYQEP FZRHUP 807,vigenere,isffgqyl,35,1.75,20
this is a secret message number 808,t acss b8hi  ertmsaenme 0isseegur8,rail_fence,3,34,2.125,16
this is a secret message number 809,seabatgescsu0ieen8irsm9hqsmer,columnar,czolxb,29,1.7058823529411764,17
this is a secret message number 810,JSSWCQ gD DOGDYR PUDCESY VXCMOeV 810,vigenere,qlkemuyid,36,1.6363636363636365,22
this is a secret message number 811,icsbcesmsraeskte8iegrtseu1amn1,columnar,ulhptqv,30,2.0,15
this is a secret message number 812,OPZ PZ H ZLJYL ATLZHNL UBTILY 812,caesar,7,33,1.9411764705882353,17
this is a secret message number 813,taz  8h  tmen 1isseegur3skiersme csb,rail_fence,5,36,1.894736842105263,19
this is a secret message number 814,ti sasce esg ubr84hsi  erftmaemne 1,rail_fence,2,35,1.9444444444444444,18
this is a secret message number 815,KEWJ Wl O PSTOSK lVPGRDS KIDYSx 815,vigenere,rxo,35,1.75,20
this is a secret message number 816,ieen8scsu1tatgehsmerssabirdsm6,columnar,mqcgzw,30,1.7647058823529411,17
this is a secret message number 817,ti sasc eesg ubr87shi ertmsaenme 1,rail_fence,2,34,2.0,17
this is a secret message number 818,hesmtseu8icspam1sraeiegrste8,columnar,dbenowl,28,2.0,14
this is a secret message number 819,see1erc8itn9aemtesehcarssbsmu,columnar,prjenyos,29,1.9333333333333333,15
this is a secret message number 820,OCNh DN V NZXMZO HZNNVBZ IPHWZM 820,caesar,21,35,1.9444444444444444,18
this is a secret message number 821,t ac b8hsib  ertmsaenme 2isseegur1,rail_fence,3,34,2.0,17
this is a secret message number 822,t ac s b8shi  ermtmsaneme 2isseegur2,rail_fence,3,36,2.25,16
this is a secret message number 823,qOOIO SU G ZEYZOV SZZhWOO HAHIE N823,vigenere,vhawikcug,36,1.894736842105263,19
this is a secret message number 824,HVWG eWG O GSQFSH SAGGOUS BIPASF 824,caesar,14,36,2.0,18
this is a secret message number 825,tsrsnristam2iceeesemgb5haresu8,columnar,azfph,30,1.875,16
this is a secret message number 826,BWGQ UA YeGQKGCR YMHQyUQ CSPQZ 826,vigenere,ipyyom,34,1.619047619047619,21
this is a secret message number 827,YMNX NX F XJHWJY RJXXFLJ SyRGJW 8b7,caesar,5,35,2.0588235294117645,17
this is a secret message number 828,ZNZGpHG O YVQEDH AKYJOTD LSHVF i28,vigenere,ggronzoyo,34,1.5454545454545454,22
this is a secret message number 829,t ac  b8hsi  ertmsenme 2psseegur9,rail_fence,3,33,1.8333333333333333,18
this is a secret message number 830,t ac s b8hsi yertdhmsaenme 3isseegur0,rail_fence,3,37,1.9473684210526316,19
this is a secret message number 831,sseseb3tietsnd1aregm8hscmaur,columnar,epkb,28,1.6470588235294117,17
this is a secret message number 832,ESTD TD L DPNCPE XPtDLRP FYXMPC 82,caesar,11,34,2.0,17
this is a secret message number 833,OgCN DN V NZXMZO HZNNVBZ PIHWZM 833,caesar,21,35,2.0588235294117645,17
this is a secret message number 834,OMHN HN Z vmXDXWqO LZXRVLD STHGDM 834,vigenere,vfz,37,1.7619047619047619,21
this is a secret message number 835,PBUgQ VOM  ARYLQR ZAMEYOR wGKJRN 835,vigenere,wumyin,36,1.565217391304348,23
this is a secret message number 836,XLxMW MW EyWIGVIX QIWWEKI RYQFIV 83t6,caesar,4,37,1.85,20
this is a secret message number 837,ste8iegramngtseu7icshbesmsrae,columnar,ltoxdcg,29,1.9333333333333333,15
this is a secret message number 838,SiUnCH IR U DEBEYI MDFMPRE AOBMqEQ 838,vigenere,znupla,38,1.7272727272727273,22
this is a secret message number 839,TNFO IY W SKZNVTJ AJSGDA NJXVR 839,vigenere,agxwr,34,1.619047619047619,21
this is a secret message number 840,t ac s bmhsi  ertmsaenme gisseecur0,rail_fence,3,35,2.3333333333333335,15
this is a secret message number 841,EFP PF X mPBZOBQ JBPPXDB KRJYBO 841,caesar,23,35,1.9444444444444444,18
this is a secret message number 842,KNO OE R EATXQP gQOJGSA TGSKD 842,vigenere,rgmw,33,1.736842105263158,19
this is a secret message number 843,JXYI YI Q IUSHUJ CUIIUD KCRUH 843,caesar,16,33,2.0625,16
this is a secret message number 844,ZoNOY OY G YuKIXgKZ SKYYGMK TASHKX 844,caesar,6,38,2.0,19
this is a secret message number 845,ta  8h blmen 4isseegur5siersame csb,rail_fence,5,35,1.9444444444444444,18
this is a secret message number 846,tsce rhiermsene i are sugb86s tam4,rail_fence,4,34,2.0,17
this is a secret message number 847,tac s b8hsi  ertqsaenme 4isseegru7,rail_fence,3,34,1.8888888888888888,18
this is a secret message number 848,iaregm8ssseeb4jscmaurtietsne8,columnar,wuhk,29,1.9333333333333333,15
this is a secret message number 849,amn4ste8iegsrraehesmtseui9csb,columnar,smzkigf,29,1.8125,16
this is a secret message number 850,MSUL UL M DQVCQM YXDETRQtYGrFQK 850,vigenere,tlm,35,1.5909090909090908,22
this is a secret message number 851,t ar s b8hsi  ertmasenme 5isseegur,rail_fence,3,34,2.2666666666666666,15
this is a secret message number 852,ssbsmuitx2teseaemirg8se5ehcar,columnar,qyuvjetd,29,1.8125,16
this is a secret message number 853,iceeeisttm5haesu8semgb3zsrsnr,columnar,xtkwh,29,1.7058823529411764,17
this is a secret message number 854,pWSFV FV X DBFCBW JHDPRDB RYPMBU 854,vigenere,dlx,36,1.8,20
this is a secret message number 855,icsbeste8sraeiegrhemsamn5tseu5,columnar,xsalmbt,30,2.0,15
this is a secret message number 856,ta  8h  tmen 5isegeuy6siersame csb,rail_fence,5,34,1.8888888888888888,18
this is a secret message number 857,YEX OFH F HAHOTP JOXXVA KlIGBG 857,vigenere,fxpw,34,1.7,20
this is a secret message number 858,smegb8tsrsnrhaesu8istam5cieee,columnar,fludy,29,1.9333333333333333,15
this is a secret message number 859,eEEI KH kO HBYHV LSQHXCU PJLPCG 859,vigenere,pxwqhcpzoy,35,1.5217391304347827,23
this is a secret message number 860,semgb0tsrsnhaesu8iceeefstam6,columnar,jkxbn,28,1.6470588235294117,17
this is a secret message number 861,QzFP FP X PBbZOBQ JBPPXDB KRJYBO 861,caesar,23,36,2.0,18
this is a secret message number 862,ta  8l  tmen 6isseegurhsiersamedcsb,rail_fence,5,35,1.9444444444444444,18
this is a secret message number 863,KYZJ ZJ R JVTIVK DVJJRXV ELDSVIr68,caesar,17,34,2.0,17
this is a secret message number 864,bTUEwUE M EQODQF tYQEEMSQ ZGYNQD 864,caesar,12,36,1.8,20
this is a secret message number 865,ti sasoe esg ubr85hsh  ertmsaenme6,rail_fence,2,34,2.0,17
this is a secret message number 866,KYy ZJ R JVTIVK DVJJRXV EoLDSVI 866,caesar,17,35,1.9444444444444444,18
this is a secret message number 867,DLRV FG H WNdYBH TOWBDNB DBWFoNU 867,vigenere,kejdhxoqh,36,1.8,20
this is a secret message number 868,SCRV HC D ROWUY SGHMRKbH MEGEYQ 868,vigenere,zkudu,35,1.8421052631578947,19
this is a secret message number 869,tscre hi ermsene i ase sgub89s tm6,rail_fence,4,34,2.0,17
this is a secret message number 870,t ac s b8his  ertmseanme 7isseegur,rail_fence,3,34,2.125,16
this is a secret message number 871,tsce rhi exmsene i ase gub81s tam7,rail_fence,4,34,1.8888888888888888,18
this is a secret message number 872,ta c s b8hsi  ertmsaenme 7siseegtr2,rail_fence,3,35,2.1875,16
this is a secret message number 873,XFYM PG E IYUYPS KMKHUA LKGTLF y873,vigenere,eyqushow,35,1.75,20
this is a secret message number 874,JXYI YI Q IUSHhUJ UIIQWU DvCRUH 874,caesar,16,35,1.9444444444444444,18
this is a secret message number 875,irsm5scsu7svabieenltatgehsmer,columnar,xztibl,29,1.7058823529411764,17
this is a secret message number 876,stce rhimermsene i ase sgub86s atm7,rail_fence,4,35,2.0588235294117645,17
this is a secret message number 877,VJKU U C GETGVf OGUUCIG PWODGT 877,caesar,2,34,2.0,17
this is a secret message number 878,YZLX LX D KHHJHY JKVfYH FXRTHW 878,vigenere,fsd,34,2.0,17
this is a secret message number 879,FANE WK M XQLFoIW FJEBOYT GZYKS J879,vigenere,mtfmjosp,36,1.5,24
this is a secret message number 880,YyX NX F XJHWJY RiJXXFLJ SZRGJW 880,caesar,5,35,2.0588235294117645,17
this is a secret message number 881,ZXFV YnP G PHIHBW CBcVYQDH DRPHUO 881,vigenere,gqxd,37,1.6818181818181819,22
this is a secret message number 882,tsce hi ermsene i se sgub82s ta8m,rail_fence,4,33,2.0625,16
this is a secret message number 883,GWSMpzX P MNCWRI GNSXNO WUROTB 883,vigenere,npkujaf,34,1.7894736842105263,19
this is a secret message number 884,ti srsce esg ubro4hsi  ertmqaenme 8,rail_fence,2,35,1.9444444444444444,18
this is a secret message number 885,TYC VKznR SCSBDG VVTSYWO AMVSFR 885,vigenere,ayqkznsjrb,35,1.75,20
this is a secret message number 886,t gc s b8hsi  jertmsaenme 8isseegur6,rail_fence,3,36,2.1176470588235294,17
this is a secret message number 887,ZkKKY KY C VGIUGZ OKVUGJG QWSEG X8t87,vigenere,gdc,37,1.85,20
this is a secret message number 888,NCZP DJ  UJBMWVQ HVPkVXB ILJVZI 888,vigenere,uvrx,35,1.8421052631578947,19
this is a secret message number 889,XRFW FW X CBGBBXJ ICPEQB XRQLB 889,vigenere,ekx,34,2.125,16
this is a secret message number 890,SGHRHR ZDRBQDS LDRRZFD MTLADQ 890,caesar,25,33,1.9411764705882353,17
this is a secret message number 891,CQRB RB J BNLANC VNBBPJN WDVKNA 8e91,caesar,9,36,2.0,18
this is a secret message number 892,ti sasce esg ubr82hsh  ertmsaenme ,rail_fence,2,34,2.125,16
this is a secret message number 893,SGHHR R Z RDBQDS LDRRZdFD MTLADQ 893,caesar,25,36,2.0,18
this is a secret message number 894,tsice rhi ermsene i sae sgub84s tas9,rail_fence,4,36,2.1176470588235294,17
this is a secret message number 895,smuitn5aemteseirg8hsee9hcarss,columnar,kwlncahx,29,1.9333333333333333,15
this is a secret message number 896,BPQA Q AI AMKZMB UMAAIOM qCUJMZ 89c6,caesar,8,36,2.0,18
this is a secret message number 897,HCBN DL O LZQMXO HXNGVZZ fINHZPK 8l97,vigenere,ovtv,37,1.6818181818181819,22
this is a secret message number 898,RFGf GQ YrQCAPCR KCQQYE LSKZCP 898,caesar,24,34,1.8888888888888888,18
this is a secret message number 899,sseseb9hspcmauriaregy8tietsne9,columnar,ytua,30,1.7647058823529411,17
this is a secret message number 900,tietsne0iaregm9hscmaurssseheb0,columnar,agfl,30,2.0,15
this is a secret message number 901,EHXE PH Z DERDIA XSzDAVQ UJXqEC 901,vigenere,lapmehplza,35,1.6666666666666667,21
this is a secret message number 902,ieen9tatgescsu0seabhsymerilrsm2,columnar,hsepzr,31,1.7222222222222223,18
this is a secret message number 903,iaregm9hscmaursceseb0tietsne3,columnar,rjeo,29,1.8125,16
this is a secret message number 904,QEFPkFP X PBZOBQ JBPPqDB KRJYBO 04,caesar,23,34,1.8888888888888888,18
this is a secret message number 905,MABL BL eT LXVKXM FXLzTZX NFUXK 905,caesar,19,35,1.9444444444444444,18
this is a secret message number 906,ta  9h  tmen isseegur6siersaxo csb,rail_fence,5,34,1.8888888888888888,18
this is a secret message number 907,tsrsnristam0iceeehacesu9semgb7,columnar,fkhnj,30,1.875,16
this is a secret message number 908,CODN Dh V NZXMZOHZNNVBZ IPHWZM 908,caesar,21,34,1.8888888888888888,18
this is a secret message number 909,MABL BL Tf LXVKXM FXLLTZX GgFUXK 909,caesar,19,36,2.1176470588235294,17
this is a secret message number 910,tscerhi ermsen i ase sgub90sk tam1,rail_fence,4,34,1.8888888888888888,18
this is a secret message number 911,t ac s b9hsi  ertmsaenme 1ismeegur1,rail_fence,3,35,2.1875,16
this is a secret message number 912,JyPHI QR Q RUSZDJ UcIIIFU VTeRMQ 912,vigenere,qizq,36,1.7142857142857142,21
this is a secret message number 913,istam1semgb3tsrsnrhaesu9icee,columnar,rsamt,28,1.75,16
this is a secret message number 914,HVWGwWG O GSQFySH ASGGOUSzBIAPSF 914,caesar,14,36,1.8,20
this is a secret message number 915,qINXH XH P YTRXTI BTYHPMT TBJHG 915,vigenere,pgp,35,2.0588235294117645,17
this is a secret message number 916,DXKO TC C UPMHGP wXOIUWIP DWIDPuBe 916,vigenere,kqcwcl,38,1.8095238095238095,21
this is a secret message number 917,istam1iceeeehaesu9jsrsnrsemgb7,columnar,tlcwj,30,1.7647058823529411,17
this is a secret message number 918,KKQO RU p UATAGP VGOJJIA WWSINT 918,vigenere,rjcw,35,1.75,20
this is a secret message number 919,t ac s b9hsi  rtasaenme 1iseegur9,rail_fence,3,33,2.0625,16
this is a secret message number 920,WKLL V D VHFUHW PHVVDJH QXPEHU 920,caesar,3,34,2.0,17
this is a secret message number 921,haesu9istam2tsrsriceeesmgb1,columnar,mckuo,27,1.8,15
this is a secret message number 922,JXYI YI Q IUSHUJ CUIIQWU nDrKCRUo 922,caesar,16,37,1.9473684210526316,19
this is a secret message number 923,iceeesmgb3haesu9tsrsnristam2,columnar,lhqgc,28,1.75,16
this is a secret message number 924,sseseb2tietsne4hsgmauriaregqm9,columnar,joyf,30,1.875,16
this is a secret message number 925,ta  9h tmen 2isseegur5siearsaame csb,rail_fence,5,36,2.1176470588235294,17
this is a secret message number 926,ste9sraeamn2hesimegrtseu6cisb,columnar,nfpckad,29,1.8125,16
this is a secret message number 927,aemhcaritn7sees2muirg9ssbtjese,columnar,rfkhgiaq,30,1.7647058823529411,17
this is a secret message number 928,ti sascne esg bur98hsi  ertmsaenm 2,rail_fence,2,35,2.0588235294117645,17
this is a secret message number 929,saetseu9icsbset9amn2iegrhesm,columnar,bqeajfh,28,1.8666666666666667,15
this is a secret message number 930,SHAX IK Z KJBRWY MrmXRAYJ NMRAEJ 90,vigenere,zasf,35,1.75,20
this is a secret message number 931,ha  9h  tmhn xisseegur1siersame csb,rail_fence,5,35,2.0588235294117645,17
this is a secret message number 932,DMUN FyF NRHEwOY HRXFKLQ AZZLJD 932,vigenere,kfmvnfn,35,1.5217391304347827,23
this is a secret message number 933,OAPZa PZ H ZJLYLA TLZZHNL UBTILY 933,caesar,7,36,2.1176470588235294,17
this is a secret message number 934,irsy4scsu3tatgesebahsmerieen9,columnar,lsxfeo,29,1.7058823529411764,17
this is a secret message number 935,tsce rhis ersmsene i ase sgub95s ta3,rail_fence,4,36,2.1176470588235294,17
this is a secret message number 936,ta  9h  tmewn 3iseegur6sirsame csb,rail_fence,5,34,1.8888888888888888,18
this is a secret message number 937,hscmaurtietsne7sseseb3iaegv9,columnar,havu,28,1.6470588235294117,17
this is a secret message number 938,tscer hi ermseneuia se sgub98s tam3,rail_fence,4,35,2.0588235294117645,17
this is a secret message number 939,YrYKB BO R BTVNJK LTOFXG CNIGVT 939,vigenere,frcjptw,35,1.8421052631578947,19
this is a secret message number 940,scsusirsm0seabtatgehsmeriee9n,columnar,tuximp,29,1.9333333333333333,15
this is a secret message number 941,JVFC EZ Q GBMPiA ACUGPKEA ZKCPBB 94l1,vigenere,qoxkywhmq,37,1.85,20
this is a secret message number 942,JTBD uWI T MSSDXE AUELLAS ZNXVSH a94a,vigenere,qmtluo,37,1.6818181818181819,22
this is a secret message number 943,CQB RB J mLANC VNBBJPN WDVKNA 943,caesar,9,33,1.8333333333333333,18
this is a secret message number 944,tsce xrhi ermsene i aspe sgub94s ltam4,rail_fence,4,38,2.0,19
this is a secret message number 945,JYXIrYI Q IUSHUJ CUIIQWq DKCRUH 945,caesar,16,35,1.8421052631578947,19
this is a secret message number 946,YMgNX NX F XJHWJYkRJXFLJ SZRGJW 946,caesar,5,35,1.8421052631578947,19
this is a secret message number 947,aw 9h  tmen 4isseegur7siersamb csb,rail_fence,5,34,1.8888888888888888,18
this is a secret message number 948,t ac s b9hsi  ertmsaemne 4issegeru8,rail_fence,3,35,2.0588235294117645,17
this is a secret message number 949,ti sasce egs ubr9h9li  ertmsaenme 4,rail_fence,2,35,2.0588235294117645,17
this is a secret message number 950,ita  9h  tmen 5isesegur0sietrsame csb,rail_fence,5,37,2.176470588235294,17
this is a secret message number 951,tsce rhi rmsene ia se sgub91s txm5,rail_fence,4,34,1.8888888888888888,18
this is a secret message number 952,t ac s bihsf  ertmsaenme 5isseegur2,rail_fence,3,35,2.0588235294117645,17
this is a secret message number 953,ClQRB RB J BNLANC VNBdBJPN WDVKNA s953,caesar,9,38,1.9,20
this is a secret message number 954,kMABL BL T LnVKXM FXLLTZX GNFUXK 54,caesar,19,35,1.9444444444444444,18
this is a secret message number 955,ESlD TD L DPNCPE XPDDLgP YFXuPC 955,caesar,11,35,2.0588235294117645,17
this is a secret message number 956,GUnVF FV N FRPERG ZRFFjNTR AHZORE 956,caesar,13,37,1.9473684210526316,19
this is a secret message number 957,DRSCaSC K iCOMBOD WOCvKQO XEWLOB 957,caesar,10,36,1.8,20
this is a secret message number 958,eien9irsm8smerscsu5tatgeseab,columnar,oiajdu,28,1.8666666666666667,15
this is a secret message number 959,t ac s gb9hsi  ertmsaenme 5isseeguvr9,rail_fence,3,37,2.176470588235294,17
this is a secret message number 960,tseu0st9icsbiegramn6sgraehesm,columnar,atgoifj,29,1.8125,16
this is a secret message number 961,tsce rhi ermseue i ase sglub91s tam6,rail_fence,4,36,2.1176470588235294,17
this is a secret message number 962,DRSCSC KnCOMBOD WOCCKQO XELOB 962,caesar,10,33,1.8333333333333333,18
this is a secret message number 963,SJF LOF Z PXTXRZO BLJGTK PRFSKEc963,vigenere,zcxtrgng,35,1.8421052631578947,19
this is a secret message number 964,XRY Mz E WOSKMX VIDWKWX RZuVFPV 964,vigenere,ekqtiefjel,35,1.6666666666666667,21
this is a secret message number 965,VVFH WP C PTEgB IABHUODT BRBDSjO 965,vigenere,coxp,36,1.6363636363636365,22
this is a secret message number 966,t ac s b9hsi ertmsenme 6isseegur6,rail_fence,3,33,2.0625,16
this is a secret message number 967,WKLVfLV D HFVUHW PHVVDJH QXPEHU 967,caesar,3,35,1.9444444444444444,18
this is a secret message number 968,iegrhsemtsue8sraeste9amn6icsb,columnar,hcyibks,29,1.8125,16
this is a secret message number 969,tsce rh rermseen i ase sgub99s tam6,rail_fence,4,35,2.1875,16
this is a secret message number 970,ECMO JM G DZGNXB XKUcVKA RLXHGC 970,vigenere,lvewxerlgc,35,1.5217391304347827,23
this is a secret message number 971,SuHR HR Z RDBQDS LDRRZFD gaMTLADQ 971,caesar,25,37,1.9473684210526316,19
this is a secret message number 972,irsm2seabieun9scsu7tatgehser,columnar,yziqbd,28,1.75,16
this is a secret message number 973,DCBK FlM H CZVJQK MLYVCZW KOMIKB 973,vigenere,kvtsgxuahg,36,1.7142857142857142,21
this is a secret message number 974,VYXBy WJ R BNQIqGK VNGJCiXT WIDDVG 974,vigenere,crpjjor,38,1.7272727272727273,22
this is a secret message number 975,CUFQ FRY BRZPOC JCCBNDC WHvZOA 975,vigenere,jnxyk,34,1.619047619047619,21
this is a secret message number 976,ste9sraeamn7cisbtseu6ehsmiegr,columnar,lmhcobf,29,1.8125,16
this is a secret message number 977,BPQA QA I AMKZMB UMAAjOMqm VCUJMZ 977,caesar,8,37,1.9473684210526316,19
this is a secret message number 978,t acs  b9si  eqrtmsaenme 7isseegur8,rail_fence,3,35,2.0588235294117645,17
this is a secret message number 979,QOPN RE X ZZJAQZ TLNZJK UBHIND 99,vigenere,xhhvhjmg,33,1.65,20
this is a secret message number 980,ti sasc esg ub9rh0si  ertmsaenme 8,rail_fence,2,34,2.0,17
this is a secret message number 981,t ac sb 9hsi  ertmsaenme 8itaseegur1,rail_fence,3,36,2.1176470588235294,17
this is a secret message number 982,t acy s bhsi k ertmsaenme 8isseegur2,rail_fence,3,36,2.0,18
this is a secret message number 983,WKLV LV D VHFUWHd PHVVDJH XPEHU 983,caesar,3,35,2.0588235294117645,17
this is a secret message number 984,sbeahesmtseu4ste9icsbamn8iegr,columnar,ihpayow,29,1.8125,16
this is a secret message number 985,EXF PRK N IBZSNL ZPIPXHNKHXRBOs 985,vigenere,lqxxbjsxn,35,1.8421052631578947,19
this is a secret message number 986,irsm6ssu8ieen9seabtatgehsxer,columnar,wylift,28,1.75,16
this is a secret message number 987,iegrte9tesu7sraeicsbamn8hesm,columnar,iypjagt,28,1.75,16
this is a secret message number 988,YASB ZE C LXCJV OJsLLAYV LWRUXR 988,vigenere,fttasrmyc,35,1.8421052631578947,19
this is a secret message number 989,ir9teseaemhcaritn9sussbsee8,columnar,bfaznpew,27,1.9285714285714286,14
this is a secret message number 990,seseb9hscmaurtietsne0iaregm,columnar,uovb,27,1.8,15
this is a secret message number 991,iegramn9icsbsraeste9seu1hescm,columnar,qtkneog,29,1.9333333333333333,15
this is a secret message number 992,IARD XL L HXLCM IPVHTPP CNVMMG 992,vigenere,ptjli,34,2.0,17
this is a secret message number 993,RVYC UQ  QBAQFUD YwCGIKPQ BKWKQP 993,vigenere,yoqkjm,36,1.894736842105263,19
this is a secret message number 994,CCYB YB Q NULMUC CNNIbBUmIKVWUA 994,vigenere,jvq,35,1.9444444444444444,18
this is a secret message number 995,iceeeheasuaistam9tsrsnrsemgb5,columnar,vqtwe,29,1.9333333333333333,15
this is a secret message number 996,XLMr MW E WGVIX QIWWEKI RYQFIV 96,caesar,4,33,1.9411764705882353,17
this is a secret message number 997,SHGR HR Z RDBQDS LDRRZFD MTLADfQ s997,caesar,25,37,2.0555555555555554,18
this is a secret message number 998,iaregfm9hscmaurssesebt9ietsne8,columnar,rnlq,30,1.875,16
this is a secret message number 999,hcarsee9ssbirg9aemptesesmuitn,columnar,nchewqif,29,1.9333333333333333,15
this is a secret message number 1000,it sasce esg ubr10hsi ertsmaenme 00,rail_fence,2,35,2.1875,16
this is a secret message number 1001,RFGQ GQ kY QCAPoR KCQYQEC LSKZCP 1001,caesar,24,37,2.0555555555555554,18
this is a secret message number 1002,SDDN HO V RAXMTS HZHRWBZ MQHWQT10o2,vigenere,zwvvp,35,1.75,20
this is a secret message number 1003,amn0ste1sraehsem3steu0icysbiegr,columnar,trvoxfd,31,1.8235294117647058,17
this is a secret message number 1004,SNPN EB d NRYADZ HROBZML AQVAyKY 1m004,vigenere,zghvnwj,38,1.5833333333333333,24
this is a secret message number 1005,FTUE UE M EnODQF YQEMSQ ZGYNQDg1005,caesar,12,35,1.8421052631578947,19
this is a secret message number 1006,ste1sraehesm6mun0icsiegrtseu0,columnar,yktewbm,29,1.9333333333333333,15
this is a secret message number 1007,t ac s tb1hs  ertmasenme 07isseegur0,rail_fence,3,36,2.1176470588235294,17
this is a secret message number 1008,IWXH XH oP HTRuTI BTHHPVT CJBQTG 108,caesar,15,36,1.894736842105263,19
this is a secret message number 1009,DVGA DC  WZMFCB HOGQIK BSUFZB 100z,vigenere,koyiev,34,1.619047619047619,21
this is a secret message number 1010,FTUE UE M EQODQF YQtEEMSQ ZGYNQD 10k01,caesar,12,38,2.111111111111111,18
this is a secret message number 1011,BZBG WA Yo HSKJCC AMKQJVi FSVQSZ 1011,vigenere,isyjpo,37,1.85,20
this is a secret message number 1012,tsce rhi ermsenpe 2ii aseo sgub11s tam0,rail_fence,4,39,2.0526315789473686,19
this is a secret message number 1013,ta  1h  tmen 0isseegur1siersamel3lczb,rail_fence,5,37,1.9473684210526316,19
this is a secret message number 1014,JXYI xYI Q IUSHUJ eCUIIQWnU DKCRUH 1014,caesar,16,39,1.95,20
this is a secret message number 1015,ta  1h  tmenq 0pssegeur1siersame5 csb,rail_fence,5,37,1.9473684210526316,19
this is a secret message number 1016,FTUE UE g EODQF YQEEMSQ ZGYNQD 016,caesar,12,34,1.8888888888888888,18
this is a secret message number 1017,QhEFPrFPc X PBZOBQ JBPPXDB KRJYBO 1017,caesar,23,38,1.9,20
this is a secret message number 1018,tac s b1hsi  lertmsaenme 08isseegu1r,rail_fence,3,36,2.0,18
this is a secret message number 1019,sseseb0iaremg1tietsne1yhscmwaur9,columnar,rwqp,32,1.7777777777777777,18
this is a secret message number 1020,BfXL ND J AQRKJY NRAMVX SFCKDZ 102i,vigenere,imptfflqjz,35,1.5217391304347827,23
this is a secret message number 1021,RIKQ JAd Y AWASML NMKQBOWz OCEZFZ 1021,vigenere,ybis,38,1.5833333333333333,24
this is a secret message number 1022,amn0icsbggrhesm2ste1sreatseu2,columnar,wohsiqa,29,1.8125,16
this is a secret message number 1023,ta  1h  tmen isseegur2sijersame3 csb,rail_fence,5,36,2.0,18
this is a secret message number 1024,XOIS MZ A WLCRSX MbEGWHGE RBMjBSV 1042,vigenere,ehaao,38,1.6521739130434783,23
this is a secret message number 1025,ieen1shmerirsm2seav5scsv0tatge,columnar,wjgokm,30,1.875,16
this is a secret message number 1026,DSCGTpM K MSMCYH XYGCLAS YOALPL1026,vigenere,kluo,35,1.75,20
this is a secret message number 1027,ZNOYOY G YKIXKZ KeYYGMK TASHKX 1027,caesar,6,35,1.8421052631578947,19
this is a secret message number 1028,tsce rhi emrsene 8i asehsgub12st am0,rail_fence,4,36,2.0,18
this is a secret message number 1029,hsczaur9sseseb0tesne2iaregm1,columnar,xnzs,28,1.5555555555555556,18
this is a secret message number 1030,seab0hsmertatgescsu0risa3ieen1,columnar,jdvnsa,30,1.875,16
this is a secret message number 1031,tiwsasce esg ur13hsi  ertmsaenme 01,rail_fence,2,35,2.0588235294117645,17
this is a secret message number 1032,ULSU oW C TITMQU WGETEG OYWDQS 1032,vigenere,bekcm,35,1.75,20
this is a secret message number 1033,hesm3st1eigricsbtseu3sraleamn0,columnar,jcirgft,30,1.7647058823529411,17
this is a secret message number 1034,JXYI Y IQ IUSHUJ CUIIQWU DKCUH1 034,caesar,16,35,2.0588235294117645,17
this is a secret message number 1035,LKNO WE S XAEQFE PJOUOSPgdZIDSD 1035,vigenere,sdfwcoml,36,1.5,24
this is a secret message number 1036,tshc rhii ermsene 6i ase sgub13s tam0,rail_fence,4,37,2.0555555555555554,18
this is a secret message number 1037,OLWG J R WSAIZK QSQJVXHB SDWVU 1037,vigenere,vrdeoyr,35,1.5217391304347827,23
this is a secret message number 1038,sum8tesesee0aemitn3hcarirga1sb,columnar,dxykwamz,30,1.7647058823529411,17
this is a secret message number 1039,iaregmhscmur9sseseb0titsne3,columnar,wrqu,27,1.6875,16
this is a secret message number 1040,TCeH INsP SZFGOT PTCSVJTN PPQOR 1040,vigenere,avdpk,36,1.7142857142857142,21
this is a secret message number 1041,scmaur1iarexm1tiestne4sseseb0,columnar,jcfs,29,1.9333333333333333,15
this is a secret message number 1042,hsmeirrsm4ieen1tatzgescsutseab2,columnar,siotku,31,1.8235294117647058,17
this is a secret message number 1043,YRTS VX K SIPWDJ MFXFQP RHRGOC 0143,vigenere,fklaenf,35,1.4583333333333333,24
this is a secret message number 1044,semb4iceee4tirsnrhadsu1istam0,columnar,rsymq,29,1.8125,16
this is a secret message number 1045,ta  1h  tmen 0isseegur4siersamte5 cx,rail_fence,5,36,2.0,18
this is a secret message number 1046,hewsm6amna0tseju4iegricsbste1srae,columnar,gbqzjsc,33,1.736842105263158,19
this is a secret message number 1047,MPDA YT I ALSSXB ULITTOZ UKNUM xM047,vigenere,tivihqb,36,1.7142857142857142,21
this is a secret message number 1048,MABL B T LXVKXM FXLLTZX GNFUXK 104z,caesar,19,35,1.9444444444444444,18
this is a secret message number 1049,YMNX NX FX JHWJY RJXXFLJ SZRGJW1 049,caesar,5,36,2.0,18
this is a secret message number 1050,tcser hi ermsene 0i ase gub15s tam0,rail_fence,4,35,2.0588235294117645,17
this is a secret message number 1051,LNGN AY V KKaAMTLiKZHKGEZ FAKWTJ 105,vigenere,sgyvp,36,1.7142857142857142,21
this is a secret message number 1052,ti sace esg ubr1hsi  ertmsadenme 02,rail_fence,2,35,1.9444444444444444,18
this is a secret message number 1053,tsce frhi emrmsene 3i ase sgub1s5 tam0,rail_fence,4,38,2.0,19
this is a secret message number 1054,CQRB RB J BNLANC VNBBJPN DWVKjA 105,caesar,9,35,1.9444444444444444,18
this is a secret message number 1055,hfcarirg1see0ssbtesaamesmu5itn5,columnar,mefizvqj,31,1.8235294117647058,17
this is a secret message number 1056,irsm5ieetn1hsmercsu0seab6tautge,columnar,ypkrgw,31,1.8235294117647058,17
this is a secret message number 1057,PDEOzE W OAYNAP IAOOWCA JQIXAN 10o57,caesar,22,36,1.8,20
this is a secret message number 1058,aemgrig1ssbhcaritn5see0smu8hese,columnar,sjdonrcf,31,1.8235294117647058,17
this is a secret message number 1059,BKLE QV  AHFDMB PQAAxJQ VXPNMZ 1059,vigenere,iddmi,35,1.5909090909090908,22
this is a secret message number 1060,haes1tsrsnsemgb6iceeet0istam0,columnar,dbzht,29,1.9333333333333333,15
this is a secret message number 1061,TJmV iS J NNCTW VEUBDBN PDPWNR 1061,vigenere,acjdvj,35,1.8421052631578947,19
this is a secret message number 1062,JXYIw YIq QIUSHUJ CUIIQWU DKCRUH 1062,caesar,16,37,1.85,20
this is a secret message number 1063,tsce hi ermsene 3i ase gub1ws tam0,rail_fence,4,34,1.8888888888888888,18
this is a secret message number 1064,tsce rhi ermsene 4i ase sgub16swwtsm0,rail_fence,4,37,1.9473684210526316,19
this is a secret message number 1065,tsce rhi ermsene i as gub16s tam0,rail_fence,4,33,1.9411764705882353,17
this is a secret message number 1066,sea6bhsmebscsu0irsm6tatgfieen1,columnar,kclgja,30,1.7647058823529411,17
this is a secret message number 1067,INJOf MQ P TAJVCD SFOZEO TVIIIP f067,vigenere,pgbwheyk,36,1.7142857142857142,21
this is a secret message number 1068,YMNX NX F XJHWJY RJXXdLJ SZRmGJW 1068,caesar,5,37,1.85,20
this is a secret message number 1069,ABQS X MU SERLLN MEHMHAM NJGIYZ d169,vigenere,huiaapu,36,1.6363636363636365,22
this is a secret message number 1070,RFGQ GQ Y QCAPRC KCQQYeEC LSKZP 1070,caesar,24,36,2.0,18
this is a secret message number 1071,tsce rhi ermsene 1i ase slgb17s rtam0,rail_fence,4,37,2.176470588235294,17
this is a secret message number 1072,ti sasce esju gr17hsi  ertmsaenme 02,rail_fence,2,36,2.0,18
this is a secret message number 1073,semgkb7tsrsrrhaseu1istam0iceee3,columnar,ijwbz,31,1.8235294117647058,17
this is a secret message number 1074,DRSC SC K COMBOD WOCKsQO XEWLOj 1074,caesar,10,36,1.8,20
this is a secret message number 1075,hvaesu1istamiceee5tsrsnnrsemgb7,columnar,xflym,31,1.8235294117647058,17
this is a secret message number 1076,smu6hraiytn7aemtesesee0irg1ssb,columnar,pixslemy,30,1.7647058823529411,17
this is a secret message number 1077,MABL BLvT LXVKXMF LLTZX GNFUXK 1077,caesar,19,35,1.9444444444444444,18
this is a secret message number 1078,OCDN DN V NZMZO HZNNbVBZ IPHWZM m078,caesar,21,36,2.0,18
this is a secret message number 1079,NVZR BV U JDGKHL dAVRWTJb LLFXU 1079,vigenere,uorzetds,36,1.5,24
this is a secret message number 1080,icsbeirhes0mamn0tseu8sraeste1,columnar,lgbqcxh,29,1.9333333333333333,15
this is a secret message number 1081,SGHRl HR Z RDBQDS LDRRZFD MTLvADQ 1081,caesar,25,38,2.0,19
this is a secret message number 1082,DRSC SC K CiOMBD kWOCCKQO XEWLOB 1082,caesar,10,37,1.85,20
this is a secret message number 1083,hscmuar3sseseb0tietsnne8iazregm1,columnar,qkxl,32,1.7777777777777777,18
this is a secret message number 1084,tsce rhi ermsee 4i ase sgub18s tma0,rail_fence,4,35,2.0588235294117645,17
this is a secret message number 1085,sseseb0ahscmaur5iarewgm1tietsne8,columnar,sfla,32,1.7777777777777777,18
this is a secret message number 1086,hsmerscsu0seabttageism8ieen1,columnar,kcpdog,28,1.75,16
this is a secret message number 1087,ti sasce sg ubr18hsi  ertmsienme0 7,rail_fence,2,35,1.9444444444444444,18
this is a secret message number 1088,MMCO VE M YXYIW YXXMWXA OGFGYN 1088,vigenere,tfuwrwdbm,35,2.0588235294117645,17
this is a secret message number 1089,a  1h  tmen 0isxseegur8sivrsame9 csb,rail_fence,5,36,1.8,20
this is a secret message number 1090,tvac s b1hsi  ertmsenme 00siseegur9,rail_fence,3,35,1.9444444444444444,18
this is a secret message number 1091,tKYZJ ZJ R VJTIVKl DVJJRXV ELDSVI 1091,caesar,17,38,2.0,19
this is a secret message number 1092,CNKBKB C YGLXGC ONYUJG ToWVHGA 1092,vigenere,jgc,35,1.5909090909090908,22
this is a secret message number 1093,VADJ HrW T JPBVGM DPRWCZZ YTQDXq 1093,vigenere,ctvrlze,37,1.5416666666666667,24
this is a secret message number 1094,WKLV fV D VHFUHW PvVVDJH QXPEHU 1049,caesar,3,36,1.8,20
this is a secret message number 1095,KFAp AJ S QWTPWK EVQKREWhoMDZWI 1095,vigenere,rys,36,1.5,24
this is a secret message number 1096,JQNA BQ Q XZMKCT VAJPTEE WZUYXPw 1096,vigenere,qjfixtya,37,1.608695652173913,23
this is a secret message number 1097,ti sasce egs dubr19hsi  ertmfaenme 07,rail_fence,2,37,1.85,20
this is a secret message number 1098,OWZU X LV JGDGvN BVUTPZY eCLOCTK 1098,vigenere,vprcbptu,37,1.5416666666666667,24
this is a secret message number 1099,ti sasce sg ubr19hsi  erdtmsaenmce 09,rail_fence,2,37,2.0555555555555554,18
this is a secret message number 1100,BPQAo QA I AaMKZMB UAMAIOM VCUJMZ 1100,caesar,8,38,2.111111111111111,18
this is a secret message number 1101,DPEO EO W OAYNA PIAOOWCA JQIXA N1101,caesar,22,36,2.25,16
this is a secret message number 1102,istxam1iceee2hasu1semgb0trssnr,columnar,trmsq,30,1.7647058823529411,17
this is a secret message number 1103,ti sasce esg qobr10hsi  ertmsaenme1 3,rail_fence,2,37,2.0555555555555554,18
this is a secret message number 1104,ti sasce egs ubr10hsi  ertmsaensmye 14,rail_fence,2,38,2.111111111111111,18
this is a secret message number 1105,FTUEUE iM EQODQFf YQEEMSQ ZGYNQD 1105,caesar,12,37,1.9473684210526316,19
this is a secret message number 1106,QYP HP Q QDZtDUQ BEIXED ZKJZDO 1106,vigenere,xmqxyz,35,1.8421052631578947,19
this is a secret message number 1107,ihg1iqtn0tesesee1aemssbhckrsmu7,columnar,dubhcvqt,31,1.7222222222222223,18
this is a secret message number 1108,AZOQ PK Y ZWIPUA SCIZSC UMSZUY 08,vigenere,hsgyq,33,2.0625,16
this is a secret message number 1109,PDOE EO W OAYNAP IAOwWCA JQIXAN 1109,caesar,22,36,2.0,18
this is a secret message number 1110,t ac s b1hsi  ertmsaenme g0siseegurg,rail_fence,3,36,2.25,16
this is a secret message number 1111,XJCH EI E gOHUND ODCXWWO PTWGAH 1111,vigenere,eczkfwqk,36,2.0,18
this is a secret message number 1112,tsce hi ermsene 2i ase sgub1j1stam1,rail_fence,4,35,2.0588235294117645,17
this is a secret message number 1113,sseseb1teitsne1hscmoaor3iaregm1,columnar,ouxf,31,2.066666666666667,15
this is a secret message number 1114,t ac s b1hsi  ertmsaenme 4isdseegbur1,rail_fence,3,37,2.176470588235294,17
this is a secret message number 1115,tsce prhi ermsene 5i ase sugb11as tam1,rail_fence,4,38,2.235294117647059,17
this is a secret message number 1116,MABL BL T LXVKXM FXLLTZm GNFUXK 11l,caesar,19,35,2.0588235294117645,17
this is a secret message number 1117,t gc s b1hsi  ertmsvkenme 17isseegur1,rail_fence,3,37,2.176470588235294,17
this is a secret message number 1118,QE FPFP X PBZOBQ JBPPXDB KRJYBO 1j118,caesar,23,37,2.176470588235294,17
this is a secret message number 1119,WEZY EO E PVIAAP QHPJGPA DYPYVX 1119,vigenere,dxrgjwwqe,36,2.0,18
this is a secret message number 1120,ta  1he tmen 1issegeur2siersame0csb,rail_fence,5,35,2.0588235294117645,17
this is a secret message number 1121,BDrI KJ I XUZTVAaIJIPCXL JZCYGI 1121,vigenere,iwfqxcrh,36,1.7142857142857142,21
this is a secret message number 1122,tsce rhi ermsnee2 i ase sgub12stam1,rail_fence,4,35,2.1875,16
this is a secret message number 1123,ta  h1  tmenp 1isseegur2sizrsame3 csb,rail_fence,5,37,1.9473684210526316,19
this is a secret message number 1124,FTUE UE M EQODQF YQEEMSQ ZGdYNQ 124,caesar,12,35,1.9444444444444444,18
this is a secret message number 1125, ac s b1hski  rtmsaenme 15isseegur2,rail_fence,3,35,1.9444444444444444,18
this is a secret message number 1126,HYEN CG W UYQIA OGSJOVIY EQtDYF m126,vigenere,orwvcu,36,1.565217391304348,23
this is a secret message number 1127,IVSJX V O JZRUTH DZHVyPO IJPQSB 1127,vigenere,pokrvpd,36,1.8,20
this is a secret message number 1128,iceee8haesu1semgxb2iistm1tsrsnr,columnar,ylrpb,31,1.8235294117647058,17
this is a secret message number 1129,NBCM CM U MYWLYN GYMMxUAY HOGeYL 1192,caesar,20,37,2.0555555555555554,18
this is a secret message number 1130,icsbegracn1ste1sraeseu3hesm0,columnar,vzauflk,28,1.75,16
this is a secret message number 1131,itnt3hcarsmu1aemesessbkirg1see1,columnar,qjuygmpt,31,1.9375,16
this is a secret message number 1132,SRQXd SA Z AJBBMY WMXKROJ XCRAZO 1132,vigenere,zkif,37,1.9473684210526316,19
this is a secret message number 1133,GEHU ZEN RGOIQI JDEURS TKTONVD 1133,vigenere,nxzcmrmp,35,1.8421052631578947,19
this is a secret message number 1134,PDEO EO W OAYNAP AIOOWCz JQIXAN 113g4,caesar,22,37,1.9473684210526316,19
this is a secret message number 1135,ti sasce esg ubr13si  retmsaenm e15,rail_fence,2,35,2.1875,16
this is a secret message number 1136,tsrwsnrsemg3bsitam1haesu1iceee6,columnar,ntroy,31,1.8235294117647058,17
this is a secret message number 1137,EkNXm PK D DJHCLL PPDXFL NXXMJW 1137,vigenere,llfflhsad,36,1.894736842105263,19
this is a secret message number 1138,tscerhi ermkene 8i ase sgub13s atm1,rail_fence,4,35,1.9444444444444444,18
this is a secret message number 1139,AOPZ P H ZLJYLA TLtZZHNL UBTILYs 1139,caesar,7,37,1.9473684210526316,19
this is a secret message number 1140,t acvh b1hsi  ertmsaenme 10isseegcur4,rail_fence,3,37,2.0555555555555554,18
this is a secret message number 1141,irsm4hen1tatgescsu1seapb1hsmer,columnar,mwlqiu,30,1.875,16
this is a secret message number 1142,ta  1h  tmen 1isseegur4tdierame2 csb,rail_fence,5,36,2.0,18
this is a secret message number 1143,BURvC SM I BOFBY KZNCVKAV ADWEtOL 1143,vigenere,injkdkur,38,1.52,25
this is a secret message number 1144,AKDN VX I VZXRMY ULVNVBR QCEZM 1144,vigenere,hdvvvnfdi,35,1.75,20
this is a secret message number 1145,MUAV BF DhLRUUJM EHXNYH GHEEJK 11u45,vigenere,tnsdf,36,1.565217391304348,23
this is a secret message number 1146,scs1ieen1tatgeirsm4eseab6hsmmr,columnar,ktjbnp,30,2.0,15
this is a secret message number 1147,KYZJ ZJ  JVTIK DVJJRXV ELDcVI 1147,caesar,17,34,2.0,17
this is a secret message number 1148,ta  1h  tmen 1isseegur4sioersame8ccwb,rail_fence,5,37,1.9473684210526316,19
this is a secret message number 1149,ILL AP P VXZJBS BHLPSDD XFYWO 1149,vigenere,ppdtxsxz,34,1.7,20
this is a secret message number 1150,ta  1  tmen 1isseegur5sierasme0 csb,rail_fence,5,35,2.1875,16
this is a secret message number 1151,lste1ehsm1icsbamn1ieghtseu5srae,columnar,sbevhag,31,1.9375,16
this is a secret message number 1152,WKLV LV DV HFUHW xHVVJH QXPEHU 1152,caesar,3,35,1.9444444444444444,18
this is a secret message number 1153,ta  1h  tmen 1isseegurs5iersame3 sb,rail_fence,5,35,2.1875,16
this is a secret message number 1154,ti sasec esg mbr15fsi  ertmsaenme 14,rail_fence,2,36,2.25,16
this is a secret message number 1155,SRST DD Z CIFMPY WOTYVRJXENHZC y1155,vigenere,zkkbgvlf,36,1.565217391304348,23
this is a secret message number 1156,teseitn5rg1hcardsee1smu6ssbem,columnar,gnmrjsxu,29,1.7058823529411764,17
this is a secret message number 1157,tsce hri ermsene 7im se sgub15s tam1,rail_fence,4,36,2.1176470588235294,17
this is a secret message number 1158,iueen1tatgehsmetiirsm5seab8scsu1,columnar,dgazwx,32,2.0,16
this is a secret message number 1159,BPQA Q AI AMKiMB UMAAIOM VCUJMZ 115b9,caesar,8,37,1.9473684210526316,19
this is a secret message number 1160,WKLV LVD  VHFUHW PHVVDHJ QXPEHgU 1160,caesar,3,37,2.0555555555555554,18
this is a secret message number 1161,hacrsu1irg1itn6aemseed1ssbtese,columnar,xaesgdru,30,1.875,16
this is a secret message number 1162,AOPZ PZ H ZLJYoA TLZZHNL UuTILY 11t2,caesar,7,36,2.0,18
this is a secret message number 1163,t ac s b1his  ertmsaenmeu13isseegr6,rail_fence,3,35,2.0588235294117645,17
this is a secret message number 1164,UFHA GR B RMDPDB KDATYFM LUTCCQz164,vigenere,byzi,35,1.6666666666666667,21
this is a secret message number 1165,AKLY V H VKJUHZy PHYZDJK QXSIHU 1y165,vigenere,hddg,37,1.85,20
this is a secret message number 1166,isotam1tsrsnrilee6semgb6haesu1,columnar,krenl,30,1.875,16
this is a secret message number 1167,sseseb1ttetsne6hscmuar7iarwegm1,columnar,klqg,31,1.8235294117647058,17
this is a secret message number 1168,tsce h iermsaene 8i ase sgub16s tam1,rail_fence,4,36,2.1176470588235294,17
this is a secret message number 1169,KYZJ ZJ R JVTIVK DVJJRXV EtLDSmVIl 1169,caesar,17,39,1.95,20
this is a secret message number 1170,PESH PD XpHOJCAQ BOZWDDaO XBXXBB 1170,vigenere,wxkpkhl,37,1.85,20
this is a secret message number 1171,ESTD TD L DPNCPt XDPDLRP YFXMPC 11i71,caesar,11,37,2.0555555555555554,18
this is a secret message number 1172,hsmrigeen1irsm7scsu1seab2tateg,columnar,zagvpx,30,1.875,16
this is a secret message number 1173,stei1csbsraehsm3tseu7amn1iezr,columnar,trmnwcv,29,1.8125,16
this is a secret message number 1174,rUV FVF N FRPERG ZRFFNRT AHZORE 1174,caesar,13,36,2.0,18
this is a secret message number 1175,nsce rhi ermsene 5i vse sghub17s tam1,rail_fence,4,37,2.0555555555555554,18
this is a secret message number 1176,itn7irg1aemssbsee1hxcartessemu6,columnar,sqcobvgk,31,1.8235294117647058,17
this is a secret message number 1177,hscmarz7tetsne7iaregm1sseseb1,columnar,edfm,29,1.9333333333333333,15
this is a secret message number 1178,tatgeirsm7iee1scsu1sweab8hser,columnar,lyrunx,29,1.8125,16
this is a secret message number 1179,ESTD TD L DcPNPE XPDDLxP YFXMPC 1179,caesar,11,36,2.0,18
this is a secret message number 1180,tMAX HR J AJUWImS ENOAFYJh MTEKAZ 1180,vigenere,ifsfezzsjw,38,1.52,25
this is a secret message number 1181,NBCM CM U MYWLYN GYMMUAj HOGVYL i11,caesar,20,35,2.0588235294117645,17
this is a secret message number 1182,itsagm1tsrsrnhaesu1iceee2semgb8,columnar,fgduj,31,1.9375,16
this is a secret message number 1183,ta l 1h  tmen 1isseegur8siersame3 csb,rail_fence,5,37,2.0555555555555554,18
this is a secret message number 1184,WiJSA V A VqMZDG JEKVCQM ACJBWU 1184,vigenere,dckiznixas,36,1.7142857142857142,21
this is a secret message number 1185,tietsen8hscmaru5sseseb1iaergm1,columnar,bltq,30,1.875,16
this is a secret message number 1186,scemgb8istam1iclee6trssnrhaesu1,columnar,uxphq,31,1.8235294117647058,17
this is a secret message number 1187,WKLV LVD VHFUHW PHVDJH QXPEHU 1q187,caesar,3,35,1.9444444444444444,18
this is a secret message number 1188,RDFM UO O OBWXQP ACOPUMQ EIKXBL g1g1w8,vigenere,ywxugmwro,38,1.7272727272727273,22
this is a secret message number 1189,NlBCM CM U MYWLYN GMMUAt HOGVYL 1189,caesar,20,36,1.894736842105263,19
this is a secret message number 1190,itnirg1ssbaemsmu0tevshcarsee1,columnar,rvcyagfd,29,1.8125,16
this is a secret message number 1191,PVIS ET A OFPRGP ZEOUBT EJVZBGN 1191,vigenere,wbnac,36,1.894736842105263,19
this is a secret message number 1192,PDEO EO W OYANAP IAOOWqAmJQIXAN 1192,caesar,22,36,2.0,18
this is a secret message number 1193,tesesmu3igtn9ssbsee1hcairrg1aem,columnar,alskgevh,31,1.9375,16
this is a secret message number 1194,f ac s b1hsi  etrmsaenme 14isseegur,rail_fence,3,35,2.0588235294117645,17
this is a secret message number 1195,t ao as b1hsi  ertmsaenme 15isseegur9,rail_fence,3,37,2.176470588235294,17
this is a secret message number 1196,OCDN DN V NZXZO HZNVNBZ IPHWZM 196,caesar,21,34,2.0,17
this is a secret message number 1197,tseu9iegrhesqm7ste1sraeamn1icsub,columnar,aowrdps,32,1.8823529411764706,17
this is a secret message number 1198,YMNX NX F XJHWJi yJXXFLJ SZRGJW 11e98,caesar,5,37,1.85,20
this is a secret message number 1199,CQRB RB J BNLApNC VNBBJPN WDVK N1199,caesar,9,36,2.1176470588235294,17
this is a secret message number 1200,tsce rhi ermsene 0ise sgub10s tazm2,rail_fence,4,35,1.9444444444444444,18
this is a secret message number 1201,IWXH XoP  HTRGTI BTHHPVT CJBQG 1201,caesar,15,35,1.9444444444444444,18
this is a secret message number 1202,RWQA AQ K AYUPHD UYKQDQzqM HMKEOZ 1202,vigenere,dkiiusy,38,1.9,20
this is a secret message number 1203,see2ssbri1itn0teseaemsmu3hacr,columnar,iofchnkd,29,1.8125,16
this is a secret message number 1204,t wac s b1hsi  ertmsaenme 4isseygur0,rail_fence,3,36,1.894736842105263,19
this is a secret message number 1205,sesseb2aregm1hscmaurt5ietsne0,columnar,xwld,29,1.7058823529411764,17
this is a secret message number 1206,tietsne0gsseseb2iaregmhscmaurm,columnar,crqk,30,2.0,15
this is a secret message number 1207,KCFF HLB JZyZENS SFCJVDR MNSCOI 1207,vigenere,rvxnjztgbk,36,1.565217391304348,23
this is a secret message number 1208,JWIU DI A WGSEV HUHSCKZ CUOFZ 1208,vigenere,qpacev,34,1.619047619047619,21
this is a secret message number 1209,tsue0hesm9icsbiegrvmn2te1srae,columnar,efhsipo,29,1.6111111111111112,18
this is a secret message number 1210,tpeu1hesm0icsbsraeamn2st1iegr,columnar,cmnotsp,29,1.7058823529411764,17
this is a secret message number 1211,LZJH A TS TTUJFI EFHKSHT FVBTWSf 1211,vigenere,ssbp,37,1.9473684210526316,19
this is a secret message number 1212,istm2iceei2tsrsnrsemgb1haesu1,columnar,nxfrl,29,1.9333333333333333,15
this is a secret message number 1213,COQT AB I OWLYMU EtNZiBW UCNXWA 1213,vigenere,jhibws,36,1.6363636363636365,22
this is a secret message number 1214,YDMbk LFgW XAGUJW VAQXWKH QHVXCW 1214,vigenere,fwedfdnjwy,37,1.608695652173913,23
this is a secret message number 1215,sseseb2hscmpart5ietsne1iaregm1,columnar,wkya,30,1.875,16
this is a secret message number 1216,ti sase esg tubr11hsi e rtmsaenme 26,rail_fence,2,36,2.25,16
this is a secret message number 1217,EgSTD TD L DPNPCEy XPDDLRP YFXMPC 1217,caesar,11,38,2.0,19
this is a secret message number 1218,BPQA QA I AMKZMB UMAbIOM VUCJMZ 121q8,caesar,8,37,1.9473684210526316,19
this is a secret message number 1219,rsriaeamnhicsbiegrhesm9ste1tseu1,columnar,sqfamre,32,2.1333333333333333,15
this is a secret message number 1220,tatgeieen1seab0scsu2hsmerirsm2,columnar,cjehlf,30,1.875,16
this is a secret message number 1221,PAED tCaE P XOYCAN ZTQOTCP HGZQCN 1221,vigenere,wtwlwumnpy,38,2.0,19
this is a secret message number 1222,BQPA QA  AMKZMB UMAAIO MVCUJMZ 1222,caesar,8,35,2.1875,16
this is a secret message number 1223,HVWGk WGs O GSQFSH ASGGOSU BIAPSF 1223,caesar,14,38,2.0,19
this is a secret message number 1224,BYWZ QJ H AdQYIBA LWARUL VLAIIZ1224,vigenere,irohe,35,1.9444444444444444,18
this is a secret message number 1225,YNRJ TQ D YNTMPR PJYBBRdP XERHNI 1225,vigenere,fgjrvlyrd,37,1.9473684210526316,19
this is a secret message number 1226,RFPZ NJ Y ZLYWVQ KZaOFXB LBTXJI 1262,vigenere,yyhhwfrx,36,1.6363636363636365,22
this is a secret message number 1227,FUE UE m EODQF YQEEMSQ ZGYNQD 1227,caesar,12,34,2.0,17
this is a secret message number 1228,PDEOE O W OAYNAP IAOOWCA JQIXAN1 228,caesar,22,36,2.1176470588235294,17
this is a secret message number 1229,irg1int2aehmcarsmu9ssbsee2tsee,columnar,xnatgris,30,1.875,16
this is a secret message number 1230,ESTD TD L ePNCPE XPDDLRP YFsMPC 230,caesar,11,35,1.8421052631578947,19
this is a secret message number 1231,GWxS HE B HVCYDF NRJHAND RVZQVR 1s31,vigenere,nprahzmeb,36,1.6363636363636365,22
this is a secret message number 1232,YSMgR IQ FWDZRCR XIRPAEC YYLYEP 1232,vigenere,flezxayy,36,1.7142857142857142,21
this is a secret message number 1233,UIJT JT B TFDSFU NFTTBHF OVyNsFS 1233,caesar,1,37,2.0555555555555554,18
this is a secret message number 1234,semgb3haesu1istai2tsrsnrieece4,columnar,tlndy,30,1.7647058823529411,17
this is a secret message number 1235,hscmaur5ssseb2tietsnei3aregm1,columnar,xhys,29,1.7058823529411764,17
this is a secret message number 1236,icsiegkrste1tseu3sraeamno2hesm6,columnar,lyeqgjs,31,1.7222222222222223,18
this is a secret message number 1237,tsce rhi ermsene 7i ttse sgub13s vam2,rail_fence,4,37,1.9473684210526316,19
this is a secret message number 1238,JBWU E S IYQTTP AWYIUUG JBAeKH 2138,vigenere,quocpwhosg,35,1.6666666666666667,21
this is a secret message number 1239,MXOH YY T vTVHKI CKHLMQTD ABUUX 1239,vigenere,tqgp,36,1.6363636363636365,22
this is a secret message number 1240,JSMO DL Z DIYZM LUDWWZ MsTCMIN 1240,vigenere,qlewtvtzz,35,1.75,20
this is a secret message number 1241,smu1hcairrg1teseitn4ssbaumsee2,columnar,lgjymawo,30,1.875,16
this is a secret message number 1242,ti sase esg ubr14hzsi  etrtmsaenme 22,rail_fence,2,37,2.176470588235294,17
this is a secret message number 1243,ti sasce seg lbr14hsi  nertmsaenme 23,rail_fence,2,37,2.0555555555555554,18
this is a secret message number 1244,oVWG WG O GSQFSH ASGyOUS BIAPSFi 1244,caesar,14,37,1.85,20
this is a secret message number 1245,OCDN DN V NpZXMZO HZNNVBZ IPHWZM 1j245,caesar,21,38,1.9,20
this is a secret message number 1246,ZYJrJ QK R JAKJKK DAAKGX FCEHVS 1246,vigenere,grbrwis,36,1.6363636363636365,22
this is a secret message number 1247,seezitn4rig1sm7aemssbhcartese,columnar,wskdglmo,29,1.8125,16
this is a secret message number 1248,OHAH JD V KTXSPZ iWHBRK NMBWFC 248,vigenere,vaspvblg,34,1.4166666666666667,24
this is a secret message number 1249,FBOU CY M YGrOLKV GKUEUtG HAONYX 2149,vigenere,mugc,37,1.608695652173913,23
this is a secret message number 1250,XTFF ME N WQZEWX JRKWMDR RGJOW 1x250,vigenere,emxns,36,1.7142857142857142,21
this is a secret message number 1251,VJKU kKU C UGETGV OGiUUCIG PWOGT 1251,caesar,2,37,2.0555555555555554,18
this is a secret message number 1252,iegrltseu5amn2icsbbnaeste1hesm2,columnar,iyoufwk,31,1.8235294117647058,17
this is a secret message number 1253,t ac s b1hsi  rtmasenme 23isseegur5,rail_fence,3,35,1.9444444444444444,18
this is a secret message number 1254,ZCBP Y  COwMXQ WKNLXQO INJLOX 1254,vigenere,gvtxkk,34,1.619047619047619,21
this is a secret message number 1255,VJKU KU CcUGETGV OGUUCIG PWODGw 155,caesar,2,35,1.9444444444444444,18
this is a secret message number 1256,BaXXA ZH IH MTITU CTAJRVF DJUSxG 1256,vigenere,iqpirrpb,37,1.5416666666666667,24
this is a secret message number 1257,CGFA Of X QKLQBB SNRPIEK yRgUZKA 1257,vigenere,jzxiyg,37,1.4230769230769231,26
this is a secret message number 1258,t ac sdb1hsi  ertmsagnme 28issevgur5,rail_fence,3,36,1.8,20
this is a secret message number 1259,QEFP PF X PZBOBQ JPPXDB KRJYBO 1259,caesar,23,35,1.9444444444444444,18
this is a secret message number 1260,tsce rhi edsene 0i sae sgub16s tam2,rail_fence,4,35,1.8421052631578947,19
this is a secret message number 1261,ti sascxe esg rbur16hsi  ertmsaenme 21,rail_fence,2,38,2.111111111111111,18
this is a secret message number 1262,NCM CM UMYWLYN GYMMUAY HOGVYi 1262,caesar,20,34,2.0,17
this is a secret message number 1263,HNYQ LGQ CHQfUR PSYIYQH TKKLFH 1263,vigenere,ogqykd,35,1.6666666666666667,21
this is a secret message number 1264,YTAJ IX B PEHDFB MJETIDq ZVUzEW 1264,vigenere,fmbixa,36,1.5,24
this is a secret message number 1265,GKGQ VV Y FHAPGE KCSFDE CAXKZEE 126y5,vigenere,ndyya,37,1.7619047619047619,21
this is a secret message number 1266,ta  1h  tmen 2isseegur6swiersam6e csq,rail_fence,5,37,2.0555555555555554,18
this is a secret message number 1267,GUVF V N RPERG ZRFFNTR AHZORE 126v7,caesar,13,35,1.8421052631578947,19
this is a secret message number 1268,ti asce rsg ubr16hsi  ertmsaenme 28,rail_fence,2,35,1.9444444444444444,18
this is a secret message number 1269,ta  1h  tmen 2isseegur6siersame csb,rail_fence,5,35,2.0588235294117645,17
this is a secret message number 1270,NJJX M B SEWeTFY MYUTFGE PVRBEL 12p70,vigenere,ucbfaa,37,1.5416666666666667,24
this is a secret message number 1271,GJNK PZ F FGHJAxTJCFCLW UBTGOE 127r,vigenere,ncfswhhhfk,35,1.5217391304347827,23
this is a secret message number 1272,irg1hcaraemssbse2eitnt7elsesmu2,columnar,pbalouei,31,1.8235294117647058,17
this is a secret message number 1273,scsu2hsmerseab3ien1atgeirsm7,columnar,rhnfvi,28,1.6470588235294117,17
this is a secret message number 1274,LHDK DK rhV SZURZL HWSNSGZ NPEBZJf 1274,vigenere,sav,39,1.625,24
this is a secret message number 1275,ti sasce esg ubr17hsi  dertsmaenme u25,rail_fence,2,38,2.0,19
this is a secret message number 1276,DAKG T K SYCVB FGGOLXM GWAXPI1276,vigenere,ktcowlri,33,1.434782608695652,23
this is a secret message number 1277,QEFP FP X PBZBQ JBPtPXDB KRJYOB 1277,caesar,23,36,2.0,18
this is a secret message number 1278,KXPI MU Gop JUJHXX VKUwQNU RWVHGI 1278,vigenere,rqhqtecjgc,38,1.7272727272727273,22
this is a secret message number 1279,JXYI Y Q IUSHUJ UIIQWU DKRUH 1279,caesar,16,33,1.9411764705882353,17
this is a secret message number 1280,DLKJ GY L CIEIXR RiPEuCEIV LARMQB 12z0,vigenere,kecrtygflm,38,1.5833333333333333,24
this is a secret message number 1281,MABL BL d LXxKXM FXLLTZX GNFUXK 128s1,caesar,19,37,1.9473684210526316,19
this is a secret message number 1282,tsce rhi ermseqne 2i ase sgu1b8sytam2,rail_fence,4,37,1.9473684210526316,19
this is a secret message number 1283,LZiA AK S KWUJWLx EWKKSYW FMETWJ 1283,caesar,18,37,1.85,20
this is a secret message number 1284,ti sasceesgu br18hsi  ertmsaenme2 4,rail_fence,2,35,1.9444444444444444,18
this is a secret message number 1285,AOPZ PZ  ZLJYLA TLZtZHNL UBTjILY 1285,caesar,7,37,1.85,20
this is a secret message number 1286,haesu1semgrb8istm2zsrsnriceee6,columnar,rcojw,30,1.6666666666666667,18
this is a secret message number 1287,semgb8istaum2iceee7tsrsnhraesuq,columnar,rvdbi,31,1.8235294117647058,17
this is a secret message number 1288,sce rhi ermsene i8 ase sgub18sgtam2,rail_fence,4,35,2.0588235294117645,17
this is a secret message number 1289,aunregm1hscmaur9sseseb2tietsne8,columnar,xomw,31,1.8235294117647058,17
this is a secret message number 1290,ty  1 h tmen 2isseeur9siersame0 csb,rail_fence,5,35,1.9444444444444444,18
this is a secret message number 1291,tagtehsmeiscsgu2ieen1irsm9seab1,columnar,bcnhou,31,1.9375,16
this is a secret message number 1292,PEDO EO W OAYNAP IAOOWCA JQItXAN1 292,caesar,22,37,2.0555555555555554,18
this is a secret message number 1293,tscex rhi eomsene 3i asee sgub19s tam2,rail_fence,4,38,1.9,20
this is a secret message number 1294,RoFGQ GQl Y QCPACR KCQQYEC LSKZCP 1294,caesar,24,38,1.9,20
this is a secret message number 1295,VJKU KU c UGETG VOGUUCIG dWODGT 1295,caesar,2,36,1.894736842105263,19
this is a secret message number 1296,AOPZ P ZH ZLJYLsA TLZZHNL UBTILY 1269,caesar,7,37,1.9473684210526316,19
this is a secret message number 1297,te1amn2hkesm7tseu9sraeicsbqegr,columnar,nltrvdj,30,1.5789473684210527,19
this is a secret message number 1298,aemtessu8ssbsee2ir1hcaritn9,columnar,iwtoyjbk,27,1.6875,16
this is a secret message number 1299,tietsne9sseseb2hsmar9iaroegm1,columnar,iuvj,29,1.9333333333333333,15
this is a secret message number 1300,WGWF HGo D GRFQSG LSFVZUR koMIZEDF 1300,vigenere,dzon,39,1.8571428571428572,21
this is a secret message number 1301,istam3pemgb0iceee1tsrsnrhaebs1u,columnar,iuacg,31,1.8235294117647058,17
this is a secret message number 1302,ista3tsrnrsemgb0iceee2haesu1,columnar,fzcrw,28,1.6470588235294117,17
this is a secret message number 1303,UrLE IV rVQDRHF MHETAJQ NXYCEU 1303,vigenere,badm,35,1.5217391304347827,23
this is a secret message number 1304,CQRBi RB J BNLANC VNBBJP WDVKNmA 1304,caesar,9,37,1.85,20
this is a secret message number 1305,t ac s b1hdi  ertmstaenme 35iszeegur0,rail_fence,3,37,1.85,20
this is a secret message number 1306,HVWGyWG O GSQFSH SAGGOUS BIAPSFi1306,caesar,14,36,1.8,20
this is a secret message number 1307,ta 1h  tmen 3iseegur0siersame7 csb,rail_fence,5,34,1.8888888888888888,18
this is a secret message number 1308,spmgb0istam3iceeed8tsrsnrhaeus1,columnar,hkedg,31,1.631578947368421,19
this is a secret message number 1309,ta  1h  tmen 3issegu0siersame9 csb,rail_fence,5,34,1.8888888888888888,18
this is a secret message number 1310,ta  1h  tmen 3izdseegur1siersame0 ncsb,rail_fence,5,38,2.0,19
this is a secret message number 1311,NBCM CM U MWYLYN GYMMUAYHOGVYL 131q,caesar,20,35,2.0588235294117645,17
this is a secret message number 1312,NBC M U YWLYN GYMMUAY HOGVYL 1312,caesar,20,33,1.9411764705882353,17
this is a secret message number 1313,AOPZ PZ H ZLfYLA ToLZZHNL UBTIL 1313,caesar,7,36,2.1176470588235294,17
this is a secret message number 1314,QEFPmFP X PBZOBQ JBPPXB KRJYBOo1314,caesar,23,35,1.9444444444444444,18
this is a secret message number 1315,tsce rhirermsepe 5i aseb sgub11s tam3,rail_fence,4,37,2.176470588235294,17
this is a secret message number 1316,ta  1h  tmen l3isseegur1sierwsame6 csb,rail_fence,5,38,2.0,19
this is a secret message number 1317,tsce rhi yrmstne k7i ase sgub11s tam3,rail_fence,4,37,1.9473684210526316,19
this is a secret message number 1318,XLMW MW E WIGVIX QIWWEKI RYQFI V1318,caesar,4,36,2.1176470588235294,17
this is a secret message number 1319,see3amsmu9hcarirg1tesvietn1ssb,columnar,slmavfbz,30,1.7647058823529411,17
this is a secret message number 1320,saemgb2tsrsnrhaesu1istaimceee0,columnar,djpbz,30,1.875,16
this is a secret message number 1321,ETD gD L DPNCPE XPDDLRP YFMPC 1321,caesar,11,34,2.0,17
this is a secret message number 1322,tse rhi ermsene ji2i ase sgub12s tam3,rail_fence,4,37,2.176470588235294,17
this is a secret message number 1323,t a 1h  tmeno3isseegur2siersaem3 csb,rail_fence,5,36,2.0,18
this is a secret message number 1324,PLCNH K E NTBJAXy HTRKWKY CTEXIL 13l24,vigenere,weuvpzs,38,1.6521739130434783,23
this is a secret message number 1325,VYL DG L JDVKH XGJRTZZ HFOSDK 132f,vigenere,crzttvoul,34,1.7,20
this is a secret message number 1326,YMNXNXF XJHWJ YRJXXFLJ SZRGJW 1326,caesar,5,34,1.8888888888888888,18
this is a secret message number 1327,ta  1h  tmen 3qssheegur2siersaeme7 csb,rail_fence,5,38,2.0,19
this is a secret message number 1328,NTFU hZM XSVWDV DYEPCGV ZROBVL 1328,vigenere,umxcar,35,1.3461538461538463,26
this is a secret message number 1329,AOPZPZ H ZLgLYA TLZZHNL UBTILY 1329,caesar,7,35,1.9444444444444444,18
this is a secret message number 1330,OCDNDN V NZXMZbO HZNNVBZ IPHgZM 1330,caesar,21,36,2.0,18
this is a secret message number 1331,nmu1aemitn3hcamtesesee3irg1ssb,columnar,qhtrgbcx,30,2.0,15
this is a secret message number 1332,ta  1h  tmen isseegur3sirsame2 cs,rail_fence,5,33,2.0625,16
this is a secret message number 1333,NBCM CM UuWLYN GYMMUAY HOGVYL 1333,caesar,20,34,2.0,17
this is a secret message number 1334,tseu3hesm4iegircsbamn3ste1sree,columnar,bfnzgxv,30,1.875,16
this is a secret message number 1335,t  1h  tmen 3isseegur3siersam5efcsb,rail_fence,5,35,1.9444444444444444,18
this is a secret message number 1336,tietsne3iaregma1siseseb3hncmaur6,columnar,blfj,32,2.0,16
this is a secret message number 1337,ISGD DG QPPNMSY XCDDVUJ YSXMZF 13l7,vigenere,plyllvof,35,1.6666666666666667,21
this is a secret message number 1338,t ac s b1hsi  ertmsaeome3 8ijseegur3,rail_fence,3,36,2.0,18
this is a secret message number 1339,ZUPD CN G FLNFYO SKFZULY UAOLC 139,vigenere,gnhlouvhg,34,1.8888888888888888,18
this is a secret message number 1340,t ac s b1hsi  enrtmsaine 30isseegur4,rail_fence,3,36,2.0,18
this is a secret message number 1341,tsce rhi ermseee 1i ase sgue14smtam3,rail_fence,4,36,2.4,15
this is a secret message number 1342,GARB EV D LNLRAW PmRLBJGA kXZUA 1342,vigenere,ntjjawdgd,36,1.6363636363636365,22
this is a secret message number 1343,ta  1h  tmen 3idsseegur4siersameyn csb,rail_fence,5,38,2.0,19
this is a secret message number 1344,GUVFVF N FPRERG ZRFFNT RAHZORE 1344,caesar,13,35,2.0588235294117645,17
this is a secret message number 1345,ti ssc eesg ubr14hsi  ertmsfaenme 35,rail_fence,2,36,1.894736842105263,19
this is a secret message number 1346,TvAUS Z SM WVCKQT DlELEAKV GGMFVR 1346,vigenere,atmaer,38,1.5833333333333333,24
this is a secret message number 1347,istam3vtsrsnrsemgb4iceee7hrapesu1,columnar,gyeho,33,1.736842105263158,19
this is a secret message number 1348,tsce rhi ermsene 8i aqse vsgub1s4 tam3,rail_fence,4,38,1.9,20
this is a secret message number 1349,tsce rhi emsene 9i ase sgub14so am3,rail_fence,4,35,1.8421052631578947,19
this is a secret message number 1350,tsce rvi ermsene 0imase sgub15s ta3m,rail_fence,4,36,2.0,18
this is a secret message number 1351,ietsn5iaregm1sseseb3hscmaur1,columnar,cxks,28,1.75,16
this is a secret message number 1352,t ac s b1hsi  ertmseanme 3wisseexur5,rail_fence,3,36,2.0,18
this is a secret message number 1353,tsce rhi esmsene 3i asej sgub15stam3,rail_fence,4,36,2.0,18
this is a secret message number 1354,seayb4ieen1ttzgescsu3irsm5hsmer,columnar,iyekob,31,1.631578947368421,19
this is a secret message number 1355,HVWG WG O GSQFS ASGGOUSB IAPSF 1l355,caesar,14,36,2.0,18
this is a secret message number 1356,NVHnW CGxE MSBVfN LIFMOFI HILFRL 1356,vigenere,uozen,37,1.608695652173913,23
this is a secret message number 1357,OIMZ JNE JFXSIA NZTWHXF OYTSFM 1357,vigenere,vbehrb,35,1.75,20
this is a secret message number 1358,RFGQ GQ  QCAPCR KCQQYEC LSKZCP 1358,caesar,24,35,1.9444444444444444,18
this is a secret message number 1359,t ac s b1hsi  artmsaenme39siseegur5,rail_fence,3,35,1.9444444444444444,18
this is a secret message number 1360,FEIY UP G EBCXQm MEEXGKZ RMHQD 1360,vigenere,mxagm,35,1.5217391304347827,23
this is a secret message number 1361,nieen1tatgescslu3hsmereab1irsm6,columnar,infjtp,31,1.8235294117647058,17
this is a secret message number 1362,HYXR ZH O HjDQITS DpTRGRVD EJLPVuG 1362,vigenere,orpz,39,1.56,25
this is a secret message number 1363,ta  1h  tmen 3isseegur6siesrme3csb,rail_fence,5,34,2.0,17
this is a secret message number 1364,YOV YQ H WBSPJA QaBIQFNR KKKGLE 1364,vigenere,fhnexqy,36,1.44,25
this is a secret message number 1365,DTMvN SE V QCGMDD QZRCMKZ XGQWD B1365,vigenere,kmevz,37,1.6818181818181819,22
this is a secret message number 1366,XkLEZ KO  ZiENIX TSUOEKA BWIFIN 1366,vigenere,eewhocw,36,1.7142857142857142,21
this is a secret message number 1367,tsce rhi ermgene 7i ase sbg16s tam3,rail_fence,4,35,2.0588235294117645,17
this is a secret message number 1368,ta  1hx  men 3isseegur6siersame8 scb,rail_fence,5,36,1.894736842105263,19
this is a secret message number 1369,PAHN ZOk Z LVYeDO DALRVZV GHTUVN 1369,vigenere,wtzvtr,37,1.7619047619047619,21
this is a secret message number 1370,sseesb3hscaur0tietsne7iaegm1,columnar,skwi,28,1.6470588235294117,17
this is a secret message number 1371,LnAK iAK S WUJWL EWKKSYW FMETWJ 1371,caesar,18,36,2.0,18
this is a secret message number 1372,PPWY VY Id YFPXAB SFFYWOS OHSXMF 137,vigenere,wiogbng,36,2.0,18
this is a secret message number 1373,SGHR HR Z RDBQDS pRRZFD MTLADQv1373,caesar,25,35,1.8421052631578947,19
this is a secret message number 1374,OCDN DN V NZXMwO HZNNVBv IPHWZtM 1374,caesar,21,37,1.7619047619047619,21
this is a secret message number 1375,ste1hesm5se7uiegricsbamn3srae,columnar,gfmokcn,29,1.7058823529411764,17
this is a secret message number 1376,WKLV LV D VHFUHW PHVVDJH yXPEHUc 137,caesar,3,36,2.0,18
this is a secret message number 1377,VPbA IS R UMZZOT VBKUIDM NUBSWT 137,vigenere,cixikaaprs,35,1.6666666666666667,21
this is a secret message number 1378,WTRO W B VQLNGH YFJMPA BZYCVU 137o8,vigenere,dmjwcofmbr,35,1.3461538461538463,26
this is a secret message number 1379,wATK TK L LPgUKPL XWLDSZm GFEUPJ 1379,vigenere,stl,37,1.608695652173913,23
this is a secret message number 1380,EPXU WR I UXQQPB XOGROLT GIMLMG 1380,vigenere,lipctoz,36,1.894736842105263,19
this is a secret message number 1381,NBCM CMU MYWLYN GYMMAUkY HOGVYL 1381,caesar,20,36,2.0,18
this is a secret message number 1382,irg1teseshbhcrasee3smu2itn8aem,columnar,dlanrqvj,30,1.7647058823529411,17
this is a secret message number 1383,tietlne8iaergm1hscmaur3ssese3,columnar,dtpw,29,1.8125,16
this is a secret message number 1384,ti sasce gesg ubr18hsai  ertmsarenme 34,rail_fence,2,39,2.1666666666666665,18
this is a secret message number 1385,ti sasce esg ubr18hsi  ertmsaenm e53,rail_fence,2,36,2.0,18
this is a secret message number 1386,eseint8see3ig1hcarsmu6ssbaem,columnar,bnjheozs,28,1.6470588235294117,17
this is a secret message number 1387,FKYG IE o EEOUUH MQVIOSE rQKANEDi 1387,vigenere,mdqoma,38,1.5833333333333333,24
this is a secret message number 1388,tac stmb1hsi  ertmsaenme 38isseegur8,rail_fence,3,36,2.1176470588235294,17
this is a secret message number 1389,IEUG sXP O HBOFE IYSSHXSS CRYPGE 1389,vigenere,pxmoa,37,1.85,20
this is a secret message number 1390,cKLV LV D VHFUWw PHVVDJH QXPEHU 1390,caesar,3,36,1.8,20
this is a secret message number 1391,AOPZ PZ H ZLJYLA TLZZH BTILY 1391,caesar,7,33,2.2,15
this is a secret message number 1392,XYI YI Q IUSHUJ CUIIQWfU DKCRUH 132,caesar,16,35,1.9444444444444444,18
this is a secret message number 1393,EStTD TD L DPNCPE XPDDLRiP YFXMPC 3193,caesar,11,38,2.0,19
this is a secret message number 1394,ETSD TD  DPNCPE hXPDDLRP YFXMPC 1394,caesar,11,36,1.894736842105263,19
this is a secret message number 1395,CXVJ RI R BUPoIEC ZVSBQTVcWKZSEA 1359,vigenere,jqnra,37,1.5416666666666667,24
this is a secret message number 1396,ETcD TD L DPNCPE XPDDLRPY FXMPC 1396,caesar,11,36,2.0,18
this is a secret message number 1397,CIK JEB C CALSGK INTURQA OlWDLAA 1379,vigenere,jbcrkw,37,1.5416666666666667,24
this is a secret message number 1398,UPPQ QZ B ZCsDZLR ULQTINC VBKCM 1389,vigenere,bihy,36,1.7142857142857142,21
this is a secret message number 1399,t acfs b1hsi  erztmsaenme 39isseeur9,rail_fence,3,36,2.0,18
this is a secret message number 1400,ta  1h  tmenx 4isseeguy0siersame0 csb,rail_fence,5,37,1.9473684210526316,19
this is a secret message number 1401,PJYC HA R UUsMEDB DAyIKTD TLIDUuB 1401,vigenere,wcqknzigr,38,1.6521739130434783,23
this is a secret message number 1402,istam4ficeee2haesu1seggb0tsrsnr,columnar,xndsf,31,1.7222222222222223,18
this is a secret message number 1403,ta  1h  etn 4isseegur0siersame3 cb,rail_fence,5,34,1.8888888888888888,18
this is a secret message number 1404,teseitn0see4irg1smu4ssbhcraaevxm,columnar,cwlkdozq,32,1.7777777777777777,18
this is a secret message number 1405,PDEO OE W OAYNAP IAOOWCA JQIXANx1450,caesar,22,36,1.894736842105263,19
this is a secret message number 1406,wsce rhi ermsnee 6 iase sgub10s tam4,rail_fence,4,36,1.894736842105263,19
this is a secret message number 1407,ti sasce esg ubr1t0hsi  ertmsaenmen4 7,rail_fence,2,38,2.111111111111111,18
this is a secret message number 1408,CXXH PB P LLLTI TNIHPZL JDBULA1 408,vigenere,jqppth,35,1.8421052631578947,19
this is a secret message number 1409,VsKU KU C UGETgGViOGUUCIG PWODGT 1409,caesar,2,37,1.85,20
this is a secret message number 1410,UAGR B QB QDDKCS FCTRTtED GSLCXP 1410,vigenere,btyz,37,1.7619047619047619,21
this is a secret message number 1411,KMHZ ZX H JJBYTK LeLJFFL EZLITI 14l1,vigenere,rfzhp,36,2.0,18
this is a secret message number 1412,FMXF JV E XTPSFW QXNHy GYYGTE 1412,vigenere,mfpnbbdte,34,1.7,20
this is a secret message number 1413,t ac s b1hosi  erpmsaenme 43ivsseegur1,rail_fence,3,38,1.9,20
this is a secret message number 1414,CJED RE Q BGsYCVC DUECBCP WGDRQA 1l414,vigenere,jcwlrjmrqm,38,2.0,19
this is a secret message number 1415,CEAB AB uS PWLnOWC ENPKwJDW KMVYWA 1415,vigenere,jxs,39,1.6956521739130435,23
this is a secret message number 1416,t ac s b1hs gi ertmsaenme 46issevegur1,rail_fence,3,38,2.111111111111111,18
this is a secret message number 1417,QZOM MP E DIZJIPQ BKWWRI FYIMIO 4117,vigenere,xsewle,36,1.894736842105263,19
this is a secret message number 1418,ti sasce sg ubr1h1si  ertmsbaenme 48,rail_fence,2,36,2.1176470588235294,17
this is a secret message number 1419,LZAK AK p KWUJLW EWKKSY WFMETWJ 1419,caesar,18,36,2.0,18
this is a secret message number 1420,wa  1h  tmen 4isseegur2siersame0 csb,rail_fence,5,36,1.894736842105263,19
this is a secret message number 1421,tsce rhi ermshne 1i ase sqgub12s eam4,rail_fence,4,37,2.0555555555555554,18
this is a secret message number 1422,hscmaur2iaprgmt1ietsne2sseseb4,columnar,ukny,30,1.7647058823529411,17
this is a secret message number 1423,t ac s b1hsi  ertysaemne 43iskeegur2,rail_fence,3,36,1.8,20
this is a secret message number 1424,MJVO EM F URYGAN RXUWFVA XlZFDRN 142i4,vigenere,tcnwpwukf,38,1.7272727272727273,22
this is a secret message number 1425,ANyJwOB H BVJXNK SNJZGPV TDDIK 1425,vigenere,hgjr,35,1.5217391304347827,23
this is a secret message number 1426,ZNOY OY G YKIKXZ SKhYYGMK TASHK 1426,caesar,6,36,1.894736842105263,19
this is a secret message number 1427,QBFW CP X PIZLBX jGBWUiDI HRQYYO 1427,vigenere,xuxe,37,1.5416666666666667,24
this is a secret message number 1428,ta  cs b1hsi  ertmsaenme 48isseegu2,rail_fence,3,35,1.9444444444444444,18
this is a secret message number 1429,QEFP FP X PBZcBQ JBPPXDB KRYJBO 1429,caesar,23,36,1.894736842105263,19
this is a secret message number 1430,GUVF FV N FRPEtRG ZRFFNTR AHZORE 430,caesar,13,36,2.0,18
this is a secret message number 1431,GLRR TF  PPPVgS XRBZDP RDLYPE 1431,vigenere,nejzxl,34,1.7894736842105263,19
this is a secret message number 1432,JXYI YI Q IUSHUJCUIIQWU bDKCRUH 14k2,caesar,16,36,1.894736842105263,19
this is a secret message number 1433,a  1h e tmen 4isseegur3siersamed csb,rail_fence,5,36,2.0,18
this is a secret message number 1434,istam4segmb3tsrsnriceeeharesu1,columnar,mrbhq,30,1.875,16
this is a secret message number 1435,ZDBi QUM YAVWWB MQKYWZJ VWMNWX 1435,vigenere,gwtfsicams,35,1.75,20
this is a secret message number 1436,ta  1h  tmenl 4issegur3siesrame6 csb,rail_fence,5,36,1.894736842105263,19
this is a secret message number 1437,DRGF SC N COAECD KRQCKER XKEO CB1437,vigenere,kkyny,36,1.894736842105263,19
this is a secret message number 1438,ti sasce esg ubr1shi  ertmsaenme 48,rail_fence,2,35,2.0588235294117645,17
this is a secret message number 1439,t ac s b1hsi  ertsaenm e49isseegur3,rail_fence,3,35,1.9444444444444444,18
this is a secret message number 1440,hcartesetrg1ssbaimsee4ifn4smu0,columnar,kdmtxyrn,30,1.7647058823529411,17
this is a secret message number 1441,ZAK AK S KWUJWL EWKKSYkW FMETWoJ 1441,caesar,18,37,2.0555555555555554,18
this is a secret message number 1442,NBCM CMxU MYWYLN GYMMUAY HOnGVYL 1442,caesar,20,37,1.9473684210526316,19
this is a secret message number 1443,BPQAh Q I AMKmZMB UMAAIOM VCUJMZ 1443,caesar,8,37,1.9473684210526316,19
this is a secret message number 1444,CQRB RB JtBNLANC VNBBJPN WDVKN 1j44,caesar,9,35,1.9444444444444444,18
this is a secret message number 1445,ti sasce esg ubr14hsi  ermtsenmep45,rail_fence,2,35,1.9444444444444444,18
this is a secret message number 1446,iceee6semgb4tsrsnrhasu1istam4,columnar,qvzjc,29,1.8125,16
this is a secret message number 1447,GUVF oV N FRPERG ZRFFNTR AHZORE1447,caesar,13,35,1.9444444444444444,18
this is a secret message number 1448,tseu4am4nicsbsreaste1iegrhem8,columnar,cxpqtrm,29,1.8125,16
this is a secret message number 1449,GUVF VF N FRPERG ZRFFNR AaHZORE 1449,caesar,13,36,2.1176470588235294,17
this is a secret message number 1450,AOYN EM m ZXAAN YLZIlVPA KGTIUM 1450,vigenere,hhqvjwuxm,36,1.565217391304348,23
this is a secret message number 1451,haesu1ficee1tsrsnrseomgb5istam4,columnar,vayxm,31,1.7222222222222223,18
this is a secret message number 1452,UIJ TT B lFDSFU NFTTBHF OVNCFS 1452,caesar,1,35,1.8421052631578947,19
this is a secret message number 1453,TXZH GSR qJCCHVI KEIJXC DLBSCR 1453,vigenere,aqrpry,35,1.5909090909090908,22
this is a secret message number 1454,ti sasce esg ub1r5hso  ertmsaenme 44,rail_fence,2,36,2.0,18
this is a secret message number 1455,MPJA Ls I AFTpXB UTVOTOF CXIUMS 1455,vigenere,tibipdw,36,1.7142857142857142,21
this is a secret message number 1456,XYI YI Q IUSHJ CUIhIQWU DKCRUH 1456,caesar,16,35,1.8421052631578947,19
this is a secret message number 1457,ta  1h  tmen 4issegur5asqersame7 csb,rail_fence,5,36,1.894736842105263,19
this is a secret message number 1458,UIJT JT B qFDSFU NFTTBHF OVNeFS 4158,caesar,1,36,1.894736842105263,19
this is a secret message number 1459,YMNX NXF  XJHWJY RJXXFLJ eSZRGcJW 1459,caesar,5,38,1.9,20
this is a secret message number 1460,t aces b1hsi  ertmysaenme 40isseegur,rail_fence,3,36,2.0,18
this is a secret message number 1461,HVWG WG OG SQFSH AdSGGOUS BIAPSFb1461,caesar,14,37,1.9473684210526316,19
this is a secret message number 1462,YSTL DX L LZHCMP HJDDTZZ YFFUuW 14b2,vigenere,fllttv,36,1.7142857142857142,21
this is a secret message number 1463,lsarese1iegramn4icsbtseu6hesm3,columnar,pxodlen,30,1.6666666666666667,18
this is a secret message number 1464,PrEO EO W OAYNAP IAOOvA JQIXAN 1464,caesar,22,35,2.0588235294117645,17
this is a secret message number 1465,hesy5tseu6amn4iegrste1eraeiscb,columnar,baypkod,30,1.6666666666666667,18
this is a secret message number 1466,LZAK AKS  KWUJWL EWKKSYWF METJ 1466,caesar,18,35,2.0588235294117645,17
this is a secret message number 1467,COFX OM H XFILNA sRFYMJNB OrArKLO 1467,vigenere,jhxfbgu,38,1.7272727272727273,22
this is a secret message number 1468,MABLu BL iL XVKXM FXLLTZX GNFUXK 1468,caesar,19,37,1.85,20
this is a secret message number 1469,YTPR XT E XQJQQ IDhIXMND CVDFYW 1469,vigenere,fmhzmpbreu,36,1.6363636363636365,22
this is a secret message number 1470,OCDN DN qV NZXMZO HZNNVBZ IPHWZMh 1470,caesar,21,38,1.9,20
this is a secret message number 1471,PDEO EO W OAYNAP AIOOWCA JQIXNA 471,caesar,22,35,2.0588235294117645,17
this is a secret message number 1472,UDTB KQI  OPLJGR UFODJwYG BCNXPA 472,vigenere,bwljscyoi,36,1.5,24
this is a secret message number 1473,ssbirg1see4hqocaraemtesein7smu3,columnar,qnkmrupg,31,1.631578947368421,19
this is a secret message number 1474,smu4drg1aemteisesee4hcarssbitn7,columnar,psiqyfmt,31,1.8235294117647058,17
this is a secret message number 1475,KYZJ ZJ kR JVTIVK VDJJRXV ELDSVI 1475,caesar,17,37,1.9473684210526316,19
this is a secret message number 1476,IWXH XHP  HTGRTI BTHPVT CJBQTG 1476,caesar,15,35,1.9444444444444444,18
this is a secret message number 1477,tezeairg1ssbeamitn7hcarsee4smu7,columnar,atiurxml,31,1.8235294117647058,17
this is a secret message number 1478,ti sasce esg ubr17hsi  enrtmsadnm e48,rail_fence,2,37,1.9473684210526316,19
this is a secret message number 1479,tsce rhi ermsee 9i asne sgzub17s tam4,rail_fence,4,37,1.9473684210526316,19
this is a secret message number 1480,haesut1lrsnristam4iceee0sbmgb8,columnar,fcjvq,30,1.6666666666666667,18
this is a secret message number 1481,LMmV N KF VJHJWY PJXSLT SZETJG 1481,vigenere,sfpdffs,35,1.5909090909090908,22
this is a secret message number 1482,MAB BL T LXVKXM FLXbLTZX GNFUXK 1482,caesar,19,36,1.894736842105263,19
this is a secret message number 1483,GPIF IF A AEhEG MRASNOE VUZJEE 1483,vigenere,nia,35,1.6666666666666667,21
this is a secret message number 1484,tsce rhi ermseen 4i asz sgub81s tam4,rail_fence,4,36,2.0,18
this is a secret message number 1485,hasu1gistam4semb8iceee5tsrsnr,columnar,sbdjr,29,1.7058823529411764,17
this is a secret message number 1486,WKL LV D VHFUHW PHVVDJH QXPEHlU 1z486,caesar,3,37,1.85,20
this is a secret message number 1487,JVEQ EI W XASFAR IUGOYLAeBQKGlH 14y7,vigenere,qowyfw,36,1.3846153846153846,26
this is a secret message number 1488,NTD RM U NHFAYK YZVVJfV ZPPEaNL 1488,vigenere,umvddjur,36,1.565217391304348,23
this is a secret message number 1489,XeLMW MW E WIGVIX QIWWEKI RYQFIV q489,caesar,4,37,1.9473684210526316,19
this is a secret message number 1490,amn4hsem0ste1qyiegrtseu9sraeicsb,columnar,thvumla,32,1.6842105263157894,19
this is a secret message number 1491,igceee1tsrsnsremgb9sitam4haesu1,columnar,hwuic,31,1.9375,16
this is a secret message number 1492,OOXC EM A TMJAN MZZHKAY IUHITB 14b2,vigenere,vhpkswuva,35,1.6666666666666667,21
this is a secret message number 1493,irg1tesesee4itnr9qcaraedmssbsmu3,columnar,hwgipzxy,32,1.7777777777777777,18
this is a secret message number 1494,tsce rnive rmsene 4i ase sgub19s tam4,rail_fence,4,37,2.176470588235294,17
this is a secret message number 1495,am4nsraetseu9esf5icsbiegrste1,columnar,empdtwb,29,1.7058823529411764,17
this is a secret message number 1496,rsm9seab6tatgeieen1hsmerscusu,columnar,nsoujm,29,1.8125,16
this is a secret message number 1497,ZoNOY OY GYKIXKkZ SKYYGMK TASHKX 1497,caesar,6,37,1.85,20
this is a secret message number 1498,t aaa s b1si  ertmsaenme 48isseegur9,rail_fence,3,36,2.25,16
this is a secret message number 1499,XLMW MW E WIGVIX QIWWKEI RYQIFV 1949,caesar,4,36,2.1176470588235294,17
this is a secret message number 1500,WKLV LV D VHbUfHW PHVVDJH QXPEHU 1500,caesar,3,37,2.0555555555555554,18
this is a secret message number 1501,JXYI I IUSHUJ CUIIQWU DKCRUH 1501,caesar,16,33,1.9411764705882353,17
this is a secret message number 1502,xMI NA N AUPWMJ RMIFFOU CSCOJZ 1502,vigenere,nfiq,35,1.75,20
this is a secret message number 1503,ti sascek esg ubr10hsi  ertmsawenmj 53,rail_fence,2,38,1.8095238095238095,21
this is a secret message number 1504,ti sasce esg ubr1b0hsi  metmsaenme 54,rail_fence,2,37,2.0555555555555554,18
this is a secret message number 1505,seab5ijrsmb0tatgehsmerieen1scbu5,columnar,jnrwgb,32,1.8823529411764706,17
this is a secret message number 1506,tPQA QA I AKMZMB UMAAIOM VCUJMZ 5106,caesar,8,36,1.894736842105263,19
this is a secret message number 1507,EBIFiD A NWNLEG EPMSNBW HUZWWC 1b07,vigenere,luanvs,35,1.5217391304347827,23
this is a secret message number 1508,CQBR RB j BNLANC VNBBJPc WDVKNA 1508,caesar,9,36,1.8,20
this is a secret message number 1509,ZCQS ON A YhZKRBZ UEYVOE TPUBBX 1509,vigenere,gviax,36,1.565217391304348,23
this is a secret message number 1510,mTUEUE M EQOQF YQEEMSQ ZGYNQD 1510,caesar,12,34,1.8888888888888888,18
this is a secret message number 1511,ZbYWg GZ G GNIISC DSBYRUN EIVHVF 1511,vigenere,groj,37,1.7619047619047619,21
this is a secret message number 1512,PWU DC U XMQTYO pYZXIUG ESVLW 1512,vigenere,fiocuvkguh,34,1.4782608695652173,23
this is a secret message number 1513,tietsne1hscaur3iarem1sseseq5,columnar,bjqy,28,1.8666666666666667,15
this is a secret message number 1514,RPFKYR Y KFSQCR EFIRYEL OKLZCY 114,vigenere,yyhsbqz,34,2.125,16
this is a secret message number 1515,KCY  JU UMTDYZ UVEMGIM ZOSDMI 1515,vigenere,rmugci,34,1.8888888888888888,18
this is a secret message number 1516,qXCE CI M MUWdDFv GQTMQAQ HKGNFL 1516,vigenere,uqumb,37,1.5416666666666667,24
this is a secret message number 1517,XUKK VH O FGUWRI AIFUuLR KIQyOGJ 1571,vigenere,encsfnpxo,37,1.7619047619047619,21
this is a secret message number 1518,JMMQ EA  UIJGPbBPqXYZIFKC JCXVLH 1518,vigenere,qfeyxwiluh,37,1.48,25
this is a secret message number 1519,istam5haesui1ceee9tsrsnsremgbo1,columnar,wgcxk,31,1.8235294117647058,17
this is a secret message number 1520,MABL BL T LXVKXM FfXLLTZX NGgFUXK 1520,caesar,19,38,1.9,20
this is a secret message number 1521,t ac s b1hi  ertmsaenme 5i1sseegr2,rail_fence,3,34,2.125,16
this is a secret message number 1522,OaZSbK MK S KJGJZL EJWKVYO SYEWWB 15i2,vigenere,vsksfes,38,1.9,20
this is a secret message number 1523,tsrsnrsemqb2istam5iceee3aeu1,columnar,gznht,28,1.75,16
this is a secret message number 1524,LBmKT KK C JGULGU uOWMUBXG HWhNSGJ 1524,vigenere,sucbrc,39,1.6956521739130435,23
this is a secret message number 1525,AOSH PZ P ZLMtRA TWFZHQT UBWQR Y1525,vigenere,hhkpn,36,1.7142857142857142,21
this is a secret message number 1526,GVF VF N FRPREG ZRFFNTR AHZOrRE 1526,caesar,13,36,2.0,18
this is a secret message number 1527,JDLS SY P wHCUO ZBUOVAJO KhJCXHR 1527,vigenere,qwdadkgxp,37,1.5416666666666667,24
this is a secret message number 1528,NSIJ QK N MPCI TkRNMLGV VMHOZL 1528,vigenere,ularpisvnv,35,1.5217391304347827,23
this is a secret message number 1529,FTUE Uk M EQODQF YQEEMSQ ZGYNQeD 129,caesar,12,36,1.894736842105263,19
this is a secret message number 1530,DRSC SC K COMBOD WOeCCQO nEWLOB 1530,caesar,10,36,1.894736842105263,19
this is a secret message number 1531,RFGQ GQk Y QCAPCR KCQQYEkC LSKZCP 5131,caesar,24,38,2.111111111111111,18
this is a secret message number 1532,t ca s b1hsi  ertsaenm 52isseegur3,rail_fence,3,34,1.8888888888888888,18
this is a secret message number 1533,ta  1h  tmen 5siseegursiersume3 csb,rail_fence,5,35,2.0588235294117645,17
this is a secret message number 1534,ti sasce eqsg ubr13hsi certmsaenme 54,rail_fence,2,37,1.9473684210526316,19
this is a secret message number 1535,ssseb5tietsne3iaregm1hmsmaur5,columnar,izta,29,1.9333333333333333,15
this is a secret message number 1536,KLV LV D VHFHeW PHVVDJH QXPEHU 1536,caesar,3,35,1.8421052631578947,19
this is a secret message number 1537,JWJY YH G ITDXVJ NKJIPHKD JNHVbH 153,vigenere,qpbgr,36,2.0,18
this is a secret message number 1538,tsk erhi ermsene 8i ase sub13s tam5,rail_fence,4,35,2.0588235294117645,17
this is a secret message number 1539,tpeu3ste1iegricsbamn5sraejhkesm9,columnar,bzmykcu,32,1.6,20
this is a secret message number 1540,tsce rhi erxsene 0i ase sgub1b4s tamb,rail_fence,4,37,2.0555555555555554,18
this is a secret message number 1541,JXYI Y IQ IUSsHUJ CvUIIQWU DKCRUH 1541,caesar,16,38,2.0,19
this is a secret message number 1542,t ac s b1hsi  ertmsaencme 52isseaemur4,rail_fence,3,38,2.235294117647059,17
this is a secret message number 1543,SGHR HR Z RDBQDS LDrRZFD MTLDQ 15d3,caesar,25,35,1.9444444444444444,18
this is a secret message number 1544,tsrrsnrsemgb4haesui1cenee4istam5,columnar,dpxms,32,2.0,16
this is a secret message number 1545,ta  1h  tmen 5siseegursiersamec csb,rail_fence,5,35,2.1875,16
this is a secret message number 1546,MABL BL T LXVKXM FXLTZX GNzXK 1546,caesar,19,34,1.8888888888888888,18
this is a secret message number 1547,ta  1h  tmen 5isseegur4siresameb cnb,rail_fence,5,36,2.1176470588235294,17
this is a secret message number 1548,PNMH FG W WTJOST SIHZXUE TYBIBFze48,vigenere,wgephxoa,35,1.5217391304347827,23
this is a secret message number 1549,OQL PA Z AXBYMsM TMLRHOX UCFAL 1549,vigenere,zhit,35,1.5909090909090908,22
this is a secret message number 1550,TCC SCS U NYCMYT GEzMABY IOMWYR1 550,vigenere,avu,36,1.8,20
this is a secret message number 1551,amnr5hesm1eisricsbsraetseu5ste1,columnar,ueitfyd,31,2.2142857142857144,14
this is a secret message number 1552,tatveieen1hsmerseabirsm5sscu5,columnar,hnmzxp,29,1.9333333333333333,15
this is a secret message number 1553,ESTD TD L DPNCPE XPDDwRP YFXMPC 1b5a53,caesar,11,38,1.9,20
this is a secret message number 1554,t a cs b1hsi  ertmsaenme 5j4issegeur5,rail_fence,3,37,2.0555555555555554,18
this is a secret message number 1555,IWXH XH P HTRGTI BTHHPVvT CJBQTG h155v,caesar,15,38,2.111111111111111,18
this is a secret message number 1556,NBCM hM U YWLYN GYMMUAY HOGVL 1556,caesar,20,34,1.8888888888888888,18
this is a secret message number 1557,haaesu1tsrsrnistam5semcgb5iceee7,columnar,kglvx,32,2.0,16
this is a secret message number 1558,AOPZ PZ HhZLJYLA TLZZHNL UTIrLY 1558,caesar,7,36,2.0,18
this is a secret message number 1559,WKLe LV D VHFUHW PHVVDJH QXPEdUH 1559,caesar,3,37,1.9473684210526316,19
this is a secret message number 1560,ti sasce esg ubr61hsiz  ertmsainme 50,rail_fence,2,37,1.9473684210526316,19
this is a secret message number 1561,ALSE KZ KpFGJVOsF OLWCMiTG REYOGY 1561,vigenere,hekmnc,38,1.5833333333333333,24
this is a secret message number 1562,iraegm1ietsne6hsdmaur2sseseb5,columnar,nodu,29,1.7058823529411764,17
this is a secret message number 1563,CRIP RCv X uBOCOGC MBUBKGB WEMYGA 1c63,vigenere,jkaxc,38,1.7272727272727273,22
this is a secret message number 1564,tice rhi ermsene 4ixase sgub1k6s tam5,rail_fence,4,37,1.85,20
this is a secret message number 1565,ste1egram5sraeicsbtseulhesm5,columnar,vwtjdce,28,1.8666666666666667,15
this is a secret message number 1566,yYISAv YFnF CMTHRL NOAJQTW OEUSUE 1566,vigenere,fbkirqns,38,1.52,25
this is a secret message number 1567,hcqrssbthesesmu7itns6ee5irg1aem,columnar,mewrqpxh,31,1.7222222222222223,18
this is a secret message number 1568,MABLwBL T LXVKXM FXLLTZXx GNFUXK 158,caesar,19,36,1.894736842105263,19
this is a secret message number 1569,etatgeseabhsmerieens1csu5irsm6,columnar,cikszh,30,1.875,16
this is a secret message number 1570,yKLV cV D VHFUHW PHVVDJHQXPEHU 1570,caesar,3,35,1.75,20
this is a secret message number 1571,ssteveb5tietsne7hscmaur1iaregm1,columnar,jmvf,31,1.8235294117647058,17
this is a secret message number 1572,CgB RB J BNLsANC VNBBJPN WDVKNA 1572,caesar,9,36,1.894736842105263,19
this is a secret message number 1573,JJyJ IK C JECJUV DESKIQQ NUERGD 1573,vigenere,qcmraas,36,1.894736842105263,19
this is a secret message number 1574,YMNXNX F XJHWJY RJXXFLJ SZaRGJW 15a74,caesar,5,37,1.9473684210526316,19
this is a secret message number 1575,hcarsee5itn7ssbsmuirg1amese,columnar,wdrijqvo,27,1.6875,16
this is a secret message number 1576,iaregm1ssesebt5ietne7hsbmaur6,columnar,izag,29,1.8125,16
this is a secret message number 1577,irsm7tatgeseas7shmerscsi5ieen1,columnar,juyxgr,30,2.142857142857143,14
this is a secret message number 1578,tbac sb1hsi  ertmaenme 58isseegur7,rail_fence,3,34,1.8888888888888888,18
this is a secret message number 1579,tatgeseab9scsu5irwmjhsmerieezn1,columnar,apshob,31,1.631578947368421,19
this is a secret message number 1580,t ac s b1hsi  ermtsaenme 50isseegdur8,rail_fence,3,37,1.9473684210526316,19
this is a secret message number 1581,PDEO EO W OAYNAP IAOOWxe JQIXAN 1518,caesar,22,36,2.0,18
this is a secret message number 1582,hesm2iegrsreasteseu8icsbamn5,columnar,tbwjiry,28,1.75,16
this is a secret message number 1583,t ac s b1hsif ertmrsaenme 53issegeur8,rail_fence,3,37,1.9473684210526316,19
this is a secret message number 1584,ta  1h  tmen 5ksseeegur8isersame4 csb,rail_fence,5,37,1.9473684210526316,19
this is a secret message number 1585,EUYV hF N VIYEPG PmIpFLTU RQZMRH 1585,vigenere,lnqdewn,37,1.608695652173913,23
this is a secret message number 1586,t acs  b1hsiu ertmsaenme 56issegeur8,rail_fence,3,36,2.0,18
this is a secret message number 1587,FtUE E M EQODQF YQEEMSQ ZGYNQD 158,caesar,12,34,2.0,17
this is a secret message number 1588,VFLV FO A GHFHBP MQGVDWB VUYPHU 1588,vigenere,moddqxwia,36,1.894736842105263,19
this is a secret message number 1589,SGHR HR Z RDBQDS LDRRZFD MTLADQ 15c89,caesar,25,37,1.9473684210526316,19
this is a secret message number 1590,tsce rhz ermsene 0ia se sgub19s am5,rail_fence,4,35,1.8421052631578947,19
this is a secret message number 1591,QWMA PT CHKIELU OBHWITmL VWJQIZ 1591,vigenere,xpeinhbic,36,1.565217391304348,23
this is a secret message number 1592,KYZJ ZJ R JVTIVK DVJJRXV ELDIV q1592,caesar,17,36,2.0,18
this is a secret message number 1593,ssbhcaritn9teseaemse5ivrg1msu3,columnar,mgtrjzqe,30,1.6666666666666667,18
this is a secret message number 1594,eVJKU KU C UGETGV OGUUCIG PWODGT1 59i4,caesar,2,38,1.9,20
this is a secret message number 1595,tietsne9hscmaur5sssese5biarugm1,columnar,emwn,31,1.9375,16
this is a secret message number 1596,tscewrhi ermsene 6i as esgub19us tam5,rail_fence,4,37,1.9473684210526316,19
this is a secret message number 1597,ti asce esglubr19hsi  ertmsaenme 57,rail_fence,2,35,1.8421052631578947,19
this is a secret message number 1598,t c s1bhsi  ertmsaenme 58isseegur9,rail_fence,3,34,1.8888888888888888,18
this is a secret message number 1599,VODL ZC O ULXKCpK ESHUHBX EEPTT 1599,vigenere,chvtyrksop,36,1.8,20
this is a secret message number 1600,icsbsroaetseu0hsem0ste1amn6egr,columnar,ghbcwnq,30,1.7647058823529411,17
this is a secret message number 1601,hsmesrewab1irsm0scsu6xieen1tatge,columnar,yfunlk,32,1.7777777777777777,18
this is a secret message number 1602,see6itn0hcarrig1armtesesbssmu2,columnar,wjmciyrx,30,1.7647058823529411,17
this is a secret message number 1603,KYZJ ZJ RJVTIVK DVJJRXV ELSDVI 1603,caesar,17,35,1.9444444444444444,18
this is a secret message number 1604,wsmerieewn1seab4irsm0scsu6tactge,columnar,yalqon,32,1.8823529411764706,17
this is a secret message number 1605,KXHV ZI D JUBUVKrLHJJQFH EKLEVIr 1605,vigenere,rqzdr,37,1.85,20
this is a secret message number 1606,IQBA BXcf BXKdXY GTBLIEX COBKXZ 1606,vigenere,pjtiytfpu,36,1.7142857142857142,21
this is a secret message number 1607,t ac s b1hsi  ertsmaenfe 67isseegur,rail_fence,3,35,1.9444444444444444,18
this is a secret message number 1608,ZRY EQ N YOGIP PRCYKWT JSPOOX 1608,vigenere,gkqpewydnk,34,1.5454545454545454,22
this is a secret message number 1609,ZQBM XF I BWLTG UKBLUAT mSKXL 1609,vigenere,gjtuupnji,34,1.619047619047619,21
this is a secret message number 1610,tsxce rhi ermsene 0i ase sgub11vs ttam6,rail_fence,4,39,2.0526315789473686,19
this is a secret message number 1611,MWPB WM W HLLSN IXHZJJS KQFQLA6111,vigenere,tphjdouxw,34,1.7894736842105263,19
this is a secret message number 1612,PLVQ LS V OIPPWW OZOOET QUOWANh1612,vigenere,wenysdacvw,35,1.8421052631578947,19
this is a secret message number 1613,JWCS ET P StYSUI MSOTQVY BNRTL 1613,vigenere,qpuaowb,35,1.5217391304347827,23
this is a secret message number 1614,t ac sf b1hsi  ertmsaemne 64isseegur1,rail_fence,3,37,2.0555555555555554,18
this is a secret message number 1615,ta  1h  tmen 6isseeugr1siersame5 csb,rail_fence,5,36,2.1176470588235294,17
this is a secret message number 1616,IWXH XH P HTRGTI BTqHVPT JCBQTG 1616,caesar,15,36,2.1176470588235294,17
this is a secret message number 1617,UIJT JT BFDSFU NbTTBHF OVNCFS 1617,caesar,1,34,1.8888888888888888,18
this is a secret message number 1618,GTRM EF JI APDNN IRnEBUWA ZGRAE 1618,vigenere,nmjuqw,36,1.7142857142857142,21
this is a secret message number 1619,VhKU KU C UGETaV OUGUCIG PWODGT 1619,caesar,2,36,2.0,18
this is a secret message number 1620,AGTU VM K ZDNTG LOZZZRG AOLLLnw 1620,vigenere,hzlcanuzkh,36,1.8,20
this is a secret message number 1621,MABL BL T LXVKXMiFXLLTZX sGNFXK 1621,caesar,19,36,2.0,18
this is a secret message number 1622,SGHR HR Z RDBQDS DLRRZFD MTLADQ 1622x,caesar,25,37,2.0555555555555554,18
this is a secret message number 1623,KBKZ ZJ C PVTLGA DVMUHDV HWTYnVIl 1623,vigenere,ruchxr,38,1.52,25
this is a secret message number 1624, ac s b1hsi  ertmsaenme 64iqsjeegur2,rail_fence,3,36,1.8,20
this is a secret message number 1625,SGHR HR Z RDBQDS LDRRZD MTLAD 625,caesar,25,33,2.0625,16
this is a secret message number 1626,tscefrhei ersene 6i ase sgub12s tam6,rail_fence,4,36,2.0,18
this is a secret message number 1627,semgb2dtsrsnriceea7istam6haecsu1,columnar,oxwcs,32,1.7777777777777777,18
this is a secret message number 1628,WHOhZ FsS K SKJJBT WHSYHYB PEPBKY 1628,vigenere,daghsxack,38,1.9,20
this is a secret message number 1629,ti sasce eg ubr12hsi  ertmatsenme 69,rail_fence,2,36,2.0,18
this is a secret message number 1630,LZAK AK S KWUnJWL EWKKSWY FMETWc 1630,caesar,18,37,1.85,20
this is a secret message number 1631,ssseb6iaregm1tietsneh3scmaur1,columnar,osje,29,1.8125,16
this is a secret message number 1632,irsm3tagtscsu6ieen1hxsmerseab2,columnar,jupniz,30,1.6666666666666667,18
this is a secret message number 1633,HVWG GW O GSQaSH ASGGOUS BAPSF 1633,caesar,14,35,2.0588235294117645,17
this is a secret message number 1634,xMABL BL T LXVKXM FXLLTZX GNFzXK 1634,caesar,19,37,1.9473684210526316,19
this is a secret message number 1635,ti ssace esgubr31hsi  ertmsaenme 65,rail_fence,2,35,1.9444444444444444,18
this is a secret message number 1636,AOPZ ZP H ZLJYLA TLZZHNzjL UBTILY 1636,caesar,7,38,2.0,19
this is a secret message number 1637,VRL BZ oO LBVYKH FBZLGUN KNTHSA 1637,vigenere,gojtxth,36,1.6363636363636365,22
this is a secret message number 1638,ZoOI KY G FGIQKJy OKRYTQG MACOGX 1638,vigenere,gzgqnc,37,1.6818181818181819,22
this is a secret message number 1639,IXH XH P HTRGTI BTHHPVT CJBQG1 639,caesar,15,34,2.0,17
this is a secret message number 1640,JXYI YI Q USHUJ UCIIQWU DKCRUH 164f0,caesar,16,36,1.894736842105263,19
this is a secret message number 1641,tscer rhi ermsee 1i ase sgub14s sam6,rail_fence,4,36,2.25,16
this is a secret message number 1642,DRSC SC K jOMBDO WOCCKQO XEWLO 1642,caesar,10,35,1.8421052631578947,19
this is a secret message number 1643,KYZJ ZJ R JVTIVK DVJJxXV ELSVI 643,caesar,17,34,1.8888888888888888,18
this is a secret message number 1644,AOPZ PZ H ZuJYLA TLZZHNL UBIsLY 1644,caesar,7,36,1.894736842105263,19
this is a secret message number 1645,ta  1h  tcen 6dsseegur4siersamde5 csb,rail_fence,5,37,1.9473684210526316,19
this is a secret message number 1646,tsce rhs ermsene 6i aseisgub14sutam6,rail_fence,4,36,2.1176470588235294,17
this is a secret message number 1647,QPJX VUb F AFHLRV BATFAR VZJJFW 1647,vigenere,xibfuncif,36,1.7142857142857142,21
this is a secret message number 1648,OCDN DN V XZMZO HZNNVBZ IPHWZM 164d8,caesar,21,36,1.894736842105263,19
this is a secret message number 1649,t pac s b1hsi  retmsaenme 69issegeur4,rail_fence,3,37,1.9473684210526316,19
this is a secret message number 1650,NBCM dCM U MYWLYN GYkMUAY HGOVYL 1650,caesar,20,37,1.85,20
this is a secret message number 1651,TUE UE d EQODQF YQEEMSQ ZGYNQD 165m,caesar,12,35,1.8421052631578947,19
this is a secret message number 1652,IRQA xDW K AGXVTD UNWPQM PPQQdZ 1652,vigenere,pkiicve,36,1.565217391304348,23
this is a secret message number 1653,GUHG KCN HVEBRG BVUCNTC EWWOR P1653,vigenere,nnyprck,35,1.8421052631578947,19
this is a secret message number 1654,ZNOY mOYaG YKIXKZ bSKYYGMK TASHKX 1654,caesar,6,38,1.8095238095238095,21
this is a secret message number 1655,MBL B T LXVKXM FXLLTZX GNFUXK 1655,caesar,19,34,2.125,16
this is a secret message number 1656,GSHR HR Z RDBQDS LDRRpZFD MTLADQ 165b6,caesar,25,38,2.0,19
this is a secret message number 1657,ta  1lh  tmen 6issdeegur5siersame7 casb,rail_fence,5,39,1.95,20
this is a secret message number 1658,teseirg1seesmu8snsbitn5hcarael,columnar,bveirlwn,30,1.7647058823529411,17
this is a secret message number 1659,sraeiertseu5set1amn6hoesm9icsb,columnar,nszejpq,30,1.7647058823529411,17
this is a secret message number 1660,zWKLlV LV D VHFUHW PHVVDJH QXPEHU 1660,caesar,3,38,2.0,19
this is a secret message number 1661,RGQ GQ Y QCAPCR KCQQYEC LSKZCP 1v61,caesar,24,35,2.1875,16
this is a secret message number 1662,irms6ecsu6ieendhsmertatgeseab2,columnar,rkihay,30,1.875,16
this is a secret message number 1663,airsm6vcsu6hsmerseab3tatgeiee1,columnar,tqzphr,30,1.875,16
this is a secret message number 1664,EKH MBYbL RYGKKE PDMWTMP QTGFX 1664,vigenere,ldzuetgl,35,1.6666666666666667,21
this is a secret message number 1665,GHR HR ZoRDBQrS LDRRZFD MTLADQ 1665,caesar,25,35,1.8421052631578947,19
this is a secret message number 1666,NBCM CM U MWYLuYN GYMMUAYhHOGVYL 1666,caesar,20,37,2.0555555555555554,18
this is a secret message number 1667,JYI YI Q wUSHUJ CUIIQWU DKCRUHv1667,caesar,16,35,1.9444444444444444,18
this is a secret message number 1668,XUW MH N GDGGIG ADWHETS MYeBFRF 166n,vigenere,enoozep,36,1.6363636363636365,22
this is a secret message number 1669,UeLRL LN DW NVNHO PFWBTCH ZXNFNK 16n9,vigenere,bejtwdvmd,37,1.608695652173913,23
this is a secret message number 1670,FTUE U M EQODF YQEvMSQ ZGYNQD 1670,caesar,12,34,1.7894736842105263,19
this is a secret message number 1671,CWRK DvT G CSUQZUa SNCGSFZ UAVLSJ 1671,vigenere,jkoszvbhg,38,1.6521739130434783,23
this is a secret message number 1672,hcarsmu2rig1see6ssbayemtesetin7,columnar,rajkxdqm,31,1.7222222222222223,18
this is a secret message number 1673,IWXH H P HTRGTI BTHHPT CJBQTt 1673,caesar,15,34,1.8888888888888888,18
this is a secret message number 1674,IMY N IP IKRWUZ RUYHFWKd SKSQJH 1674,vigenere,pfqg,36,1.7142857142857142,21
this is a secret message number 1675,XLM WiMW E WIGVIX QIWWEKI RYQFIV a675,caesar,4,37,1.9473684210526316,19
this is a secret message number 1676,TNZR A SR UWCXVS EEYJZIW TLLDWR 1i76,vigenere,agrzcs,36,1.6363636363636365,22
this is a secret message number 1677,JXYI Yo Q IUSHUJ CUIIQWyU DKCdRUH 1677,caesar,16,38,1.9,20
this is a secret message number 1678,LZAK AK S WUJWL EWKSYW FMETWJ 178,caesar,18,33,1.9411764705882353,17
this is a secret message number 1679,t ac s bjhsi  ertmsaenm 69issegur7,rail_fence,3,34,1.8888888888888888,18
this is a secret message number 1680,hstam6segmb8iceee0haeu1tsrsnr,columnar,wqikn,29,1.7058823529411764,17
this is a secret message number 1681,ta 1h  tmen 6isseeur8siersameo csb,rail_fence,5,34,2.0,17
this is a secret message number 1682,tsce rji ermsene 2i ase sgub8s tam6,rail_fence,4,35,2.0588235294117645,17
this is a secret message number 1683,hscmauri3ssseb6iaregm1tietsns8,columnar,ubtl,30,1.7647058823529411,17
this is a secret message number 1684,seab4hsmerscu6irsm8tatgeieen1,columnar,pbtjka,29,1.7058823529411764,17
this is a secret message number 1685,XVAZ qxE O WTDIH TWJEEUW FLYFSJ 1685,vigenere,eoshsrm,36,1.5,24
this is a secret message number 1686,FSLC sHW K PFBAS POTELJO MYPLFh 1686,vigenere,mldkwzedkb,36,1.6363636363636365,22
this is a secret message number 1687,XSHJ KG L DDTFGH kItRRUG IFQMDI 1687,vigenere,elzrocovl,36,1.6363636363636365,22
this is a secret message number 1688,TiMS WWA  WECFIT AISSOKE BYMBSV 168,vigenere,aoea,35,1.8421052631578947,19
this is a secret message number 1689,VKU KU C UGEGTV OGUUCIG PWODGT 168e9,caesar,2,36,2.0,18
this is a secret message number 1690,iarecgm1tietsne9hscmaurssesebv,columnar,cias,30,1.875,16
this is a secret message number 1691,itnh9irg1ssbsmu1amhcarseep6tese,columnar,zvewcmtf,31,1.8235294117647058,17
this is a secret message number 1692,JIOBYT J IFIwMJ SNAIBcN DVSKMH 1692,vigenere,qbgji,35,1.5909090909090908,22
this is a secret message number 1693,UPOT OT G AKDZmU SFAYBOK VANjJKS 169y3,vigenere,big,38,1.5833333333333333,24
this is a secret message number 1694,PkEO EO W OAYNAP IAOOWCA JQIXsN 1694,caesar,22,36,1.894736842105263,19
this is a secret message number 1695,OCOE OEe  VYQOXC HKEEGSN IAYNKD 1695,vigenere,vvgmmgmj,36,1.7142857142857142,21
this is a secret message number 1696,tscer hi ermsene 6 iase sgub19s txam6,rail_fence,4,37,2.0555555555555554,18
this is a secret message number 1697,t ac s b1hsi  ermtsaejnme 67isseegru9,rail_fence,3,37,1.9473684210526316,19
this is a secret message number 1698,titesne9hscau8iaregm1sseseb6,columnar,imoz,28,1.6470588235294117,17
this is a secret message number 1699,tsce hi ermxsene 9i ase sgub1s9 tam6,rail_fence,4,36,2.0,18
this is a secret message number 1700,ta  1h  tmen 7iiseegur0siersamo0e csb,rail_fence,5,37,2.0555555555555554,18
this is a secret message number 1701,DGHc Kg K RHUTYY LDVKCAJ MTPTGL 1701,vigenere,kzzdscuf,36,1.7142857142857142,21
this is a secret message number 1702,sshcarirg1aemysee7itn0tesessmu2,columnar,sdilqtka,31,1.8235294117647058,17
this is a secret message number 1703,QEFP FPbX PBZOBQ JBPXDB KRJYBO 17d3,caesar,23,35,1.8421052631578947,19
this is a secret message number 1704,ZNOY OY GsYKIXKZ SKYYGMK TSAgHKX 1704,caesar,6,37,1.85,20
this is a secret message number 1705,HVWG WG O GSQFSH ASGGOU BIApPSF 170,caesar,14,35,1.9444444444444444,18
this is a secret message number 1706,MABL BL T LXVKXMFXLLTZrX GNFUXlK 1706,caesar,19,37,1.85,20
this is a secret message number 1707,LZAK AK S KWUJWL EWKKSwW FMETWJy707,caesar,18,35,2.0588235294117645,17
this is a secret message number 1708,iejen1scsu7seab8shmertatgejrsm0,columnar,qpadrg,31,1.7222222222222223,18
this is a secret message number 1709,HVWG WG O GSQSFH ASGGOUS BIAPSF 17nw9,caesar,14,37,1.9473684210526316,19
this is a secret message number 1710,JYDS DU  RSLXUTK MLNUQXZ UPOVRM 1710,vigenere,qrvahvc,36,1.7142857142857142,21
this is a secret message number 1711,WTiO WN DPAFFZO YBOVOBZ ZRIESM 17a1,vigenere,dmxwdovv,35,1.5909090909090908,22
this is a secret message number 1712,ssqbhcartesemu2itn1seek7aemirg1,columnar,gfxlihrd,31,1.7222222222222223,18
this is a secret message number 1713,ti zsasce esg ub1r1hsi  ertmsaenme 73,rail_fence,2,37,2.0555555555555554,18
this is a secret message number 1714,UIJT JuB TFDSFU NsTTBHF OVNCFS 1714,caesar,1,35,1.8421052631578947,19
this is a secret message number 1715,tswe rhi ermsen 5i ase sgbu11s tam7,rail_fence,4,35,2.0588235294117645,17
this is a secret message number 1716,hcaraemtecesssbsmu6itn1irg1fee7,columnar,ieuyrnfl,31,1.8235294117647058,17
this is a secret message number 1717,GeYQ FF P IBPITR JRJHYWB EJKRBE 1717,vigenere,nrpyqx,36,2.0,18
this is a secret message number 1718,tsrsnrhaeus1smgb1istami7ceee8,columnar,coyuz,29,1.8125,16
this is a secret message number 1719,QSWNzTGX GZZCSO XSNPLUZ YIHYFP 1719,vigenere,xlov,35,1.5909090909090908,22
this is a secret message number 1720,e sasce esg ubr12hii  ertmsaenme 70,rail_fence,2,35,1.9444444444444444,18
this is a secret message number 1721,smu1ssbtesesee7in2hocarisg1aem,columnar,dntgkavb,30,1.7647058823529411,17
this is a secret message number 1722,tsce krhi emrsene 2ki ase sgub12s tam7,rail_fence,4,38,2.111111111111111,18
this is a secret message number 1723,t ac s b1hs i ertemsaenme 73isbeegur2,rail_fence,3,37,2.0555555555555554,18
this is a secret message number 1724,MABL uL T LXVKXM FXLLTmZX NFUXK 1724,caesar,19,36,1.894736842105263,19
this is a secret message number 1725,tasju2icsbste1sraehesml5amn7iegr,columnar,arfpwlv,32,1.6842105263157894,19
this is a secret message number 1726,hscmaur6sseseb7tietsqne2iaergm1,columnar,sbxl,31,1.7222222222222223,18
this is a secret message number 1727,ChRB RB gJB NLANC VNBBJPN WDVKNA 1727,caesar,9,37,2.0555555555555554,18
this is a secret message number 1728,t ac s bu1hsi  ertmsaendce 78isseegur2,rail_fence,3,38,2.0,19
this is a secret message number 1729,iegrsraetsuwe2amn7icbhesm9ste1,columnar,gqkcaui,30,1.6666666666666667,18
this is a secret message number 1730,sseseb7oiaregm1itetsne3hcmaur0,columnar,mrlb,30,1.6666666666666667,18
this is a secret message number 1731,ieen1scsu7hsmresehb1tatgirsm3,columnar,vgbdwp,29,1.8125,16
this is a secret message number 1732,t ac  b1hsi  ertmsaenmh 72isseegur3,rail_fence,3,35,1.9444444444444444,18
this is a secret message number 1733,AOPPZ Z H ZLJYLA TLZZHNL UTILY 1733,caesar,7,35,2.1875,16
this is a secret message number 1734,tsce hi emrsene 4i aue sgub13s tam7,rail_fence,4,35,1.9444444444444444,18
this is a secret message number 1735,icsbamn7sraeiengrtseh3esm5ste1,columnar,mxahlzg,30,1.875,16
this is a secret message number 1736,tcse rhi ermsene 6ia se sgub13s tamw,rail_fence,4,36,2.0,18
this is a secret message number 1737,t ac s b1ssi  ertmasenme 77issegur3,rail_fence,3,35,2.1875,16
this is a secret message number 1738,ysrsnrsemgb3istbam7haesu1oiceee8,columnar,bslgt,32,1.6842105263157894,19
this is a secret message number 1739,RHZE GS M QETHR DQVQjAXQ LUNDHP 1739,vigenere,yarmd,36,1.565217391304348,23
this is a secret message number 1740,YMNX NX F XJHWJY RJXXFLsJ jRGJW 1740,caesar,5,36,2.0,18
this is a secret message number 1741,seab1scsu7tatgeirsm4hsmereeon,columnar,rvymue,29,1.7058823529411764,17
this is a secret message number 1742,tscf hj ermsene 2i ase sgub14s tam7,rail_fence,4,35,1.75,20
this is a secret message number 1743,dWKLV LV D VHFUHW PHVVD QXPEHU 1743,caesar,3,35,1.9444444444444444,18
this is a secret message number 1744,VEC DF X CLXEG WLNFCDW UPZDBJ 1744,vigenere,cxskhvn,34,1.7894736842105263,19
this is a secret message number 1745,hsm5icsbamn7iegrsraestce1tszu4,columnar,yadkjoh,30,1.6666666666666667,18
this is a secret message number 1746,iegricsbsraemhelms6ste1amn7tseu4,columnar,slfjdpq,32,1.7777777777777777,18
this is a secret message number 1747,PIXM JHr W HYYSTN NTMOBVfY OJGnFG 1747,vigenere,wbpu,38,1.6521739130434783,23
this is a secret message number 1748,BZHA HA Z DKJDB LMhRIYD FTUTDZ 148,vigenere,isz,34,1.7,20
this is a secret message number 1749,ta  1h  tmen7isseegur4sierslame9 csb,rail_fence,5,36,1.894736842105263,19
this is a secret message number 1750,EQEM TB  UDNYLVE IYdDJCY YuIVVC 1750,vigenere,ljwur,36,1.7142857142857142,21
this is a secret message number 1751,EOFDP P L tPPNYBE TBDDeHDP URXMLO 1751,vigenere,lhxl,38,1.8095238095238095,21
this is a secret message number 1752,YYwTiUS G XVUSIF FKGXYRF ZUFHSW 1752,vigenere,frsbematgo,36,1.7142857142857142,21
this is a secret message number 1753,hmerieen1scsu7irsmt5atgesear3,columnar,nacdlr,29,1.8125,16
this is a secret message number 1754,HJRF X I UNPQOY USUBNFO MCaDNE b1754,vigenere,ocjnzkfzi,36,1.44,25
this is a secret message number 1755,semgbh5aes1tsrsnriystam7iceee5,columnar,snufx,30,1.875,16
this is a secret message number 1756,i sasce esg ubr15hsi  ertsaenme 76,rail_fence,2,34,1.8888888888888888,18
this is a secret message number 1757,et ac s b1hsi  ertmsaenme s77isseeur5,rail_fence,3,37,2.3125,16
this is a secret message number 1758,ti sasce esg ubz15hsi e rtmsaenme7 8,rail_fence,2,36,1.894736842105263,19
this is a secret message number 1759,ta  1h  tmen 7iaseegurs5iersamey csb,rail_fence,5,36,2.0,18
this is a secret message number 1760,tseu6amn7iscbhsemi0egrsraeste1,columnar,alixmye,30,1.7647058823529411,17
this is a secret message number 1761,ta  1h  tmen 7ifsesegur6siersameb csb,rail_fence,5,37,2.0555555555555554,18
this is a secret message number 1762,irg1ssbfemhcartexeitn6smu2seen,columnar,oibzqvfc,30,1.6666666666666667,18
this is a secret message number 1763,semgbi6tsjrsnriceee3ivtam7haesu1,columnar,etrag,32,1.6842105263157894,19
this is a secret message number 1764,ZPEY EY W AAIZAZ IKAOOGAjVQSJAX 1746,vigenere,giw,36,1.7142857142857142,21
this is a secret message number 1765,JXYdY I Q IUSHUJ CnIIQWU DKCRUH 1765,caesar,16,36,1.8,20
this is a secret message number 1766,aehmcartheseitn6sbirg1smu6see7,columnar,hduylxbn,30,1.875,16
this is a secret message number 1767,mu7aomhcaritn6irg1tesessubsee7,columnar,rlnymckx,30,1.7647058823529411,17
this is a secret message number 1768,ta  1h  tmen 7isseegru6siersam8 csb,rail_fence,5,35,1.9444444444444444,18
this is a secret message number 1769,seab9inrsm6hsmertatgeiene1sfsu7,columnar,mjqzgb,31,1.8235294117647058,17
this is a secret message number 1770,JXYI YI Q IUSHuUJ CUIIQWUc DKCRUH 17h70,caesar,16,39,1.95,20
this is a secret message number 1771,GUV VF NtFRPERG ZRFFNTnR AHZORE 1771,caesar,13,36,2.0,18
this is a secret message number 1772,NRyUM MU Y CQWPfIV KYCEUEI QGSLQL 1772,vigenere,ukmuyecdy,38,1.7272727272727273,22
this is a secret message number 1773,t a s b1hsi  ertmsaehme 73isseegru7,rail_fence,3,35,2.3333333333333335,15
this is a secret message number 1774,ssbhcarmsu4iten7aemtseesee7irg1,columnar,obupkdma,31,1.9375,16
this is a secret message number 1775,QOQT DX JiPLKSDO KNQPHO ZIKKCO 1775,vigenere,xhibzvfyjy,35,1.75,20
this is a secret message number 1776,iism7seab6scsu7tatqehsmeriheen1,columnar,ptxjeg,31,1.9375,16
this is a secret message number 1777,seba7iee1nscsu7hsmertategirsm7,columnar,sqcnzb,30,2.0,15
this is a secret message number 1778,sseseb7tiecsne7iaregh1scmaur8,columnar,otpc,29,1.8125,16
this is a secret message number 1779,tsce rh egmsene 9i ase sgub17 stam7,rail_fence,4,35,2.0588235294117645,17
this is a secret message number 1780,tatgeseab0hsmeirrsm8ene1scsu7,columnar,amswol,29,1.7058823529411764,17
this is a secret message number 1781,QEFP FP X PjZOBQ JBPPXkB KRJYBO 17q81,caesar,23,37,1.9473684210526316,19
this is a secret message number 1782,irsm8seab2scsi7hvmertatgeieenh1,columnar,thvgac,31,1.8235294117647058,17
this is a secret message number 1783,hesm3tseu8niegran7icsbrsaeste1,columnar,caoperg,30,1.7647058823529411,17
this is a secret message number 1784,AOFV YZ X AtYJBW CLZPDOU URPJUi 1784,vigenere,hhxdiq,36,1.565217391304348,23
this is a secret message number 1785,AUHfD H Q ZRBLUO jUGZNFY IJZRSY 1785,vigenere,hnzuqvpnqo,36,1.5,24
this is a secret message number 1786,WXEG Ro W zQNFHAH VHcOOEN DQAZNU 1786,vigenere,dqwoyj,37,1.608695652173913,23
this is a secret message number 1787,tsce rhi ermrsene 7i ase sgub8s tam7,rail_fence,4,36,2.25,16
this is a secret message number 1788,QVAG TM K GWsQGPN WBGcKOVP PEJPFW 1788,vigenere,xosopluck,38,1.8095238095238095,21
this is a secret message number 1789,cNOY OY Gy YKIXKZ SKYYGMK TASHKX 17e89,caesar,6,38,1.8095238095238095,21
this is a secret message number 1790,tsce rhi ermsene i ase gsub19s ta7,rail_fence,4,34,2.0,17
this is a secret message number 1791,DRSC SC K COMBOD qOCCKQyO XEWLOB1791,caesar,10,36,1.894736842105263,19
this is a secret message number 1792,tsce rh iegmsene 2i ase sgub19 stam7,rail_fence,4,36,2.0,18
this is a secret message number 1793,FTUE UE M wQODQF QEbMSQ ZGYNQD 1793,caesar,12,35,1.75,20
this is a secret message number 1794,ti sasce esg ubr19hsi u erthmsaenmes 74,rail_fence,2,39,2.1666666666666665,18
this is a secret message number 1795,GUVF VF N FRPERG ZRFNTR AdZORE 1795,caesar,13,35,1.9444444444444444,18
this is a secret message number 1796,tsrsnriceee6semgb9istm7hekasu1,columnar,ozurp,30,1.6666666666666667,18
this is a secret message number 1797,tsce rhi ermsen 7i ase sgjb19 tam7,rail_fence,4,34,2.0,17
this is a secret message number 1798,t a 1h  tmen j7isseegur9sierfame8 csb,rail_fence,5,37,1.85,20
this is a secret message number 1799,ta  h1  tmen 7isseegur9sijrsame csb,rail_fence,5,35,1.9444444444444444,18
this is a secret message number 1800,tak  1h  tmhne 8isseegur0siersame0 csb,rail_fence,5,38,2.111111111111111,18
this is a secret message number 1801,IAKK XL S HXEJUI fOWIHTIW jCNOTUG r1801,vigenere,ptcsq,39,1.6956521739130435,23
this is a secret message number 1802,smuw2irg1ssbaemoitn0tsesee8hcar,columnar,ozeqkcih,31,1.631578947368421,19
this is a secret message number 1803,smu3aemitn0hcartesessbir1yee8,columnar,gesvdabq,29,1.7058823529411764,17
this is a secret message number 1804,LZp aAK S KWUJWL EWKKSYW FMETWJ 1804,caesar,18,36,1.8,20
this is a secret message number 1805,t ac s b1hsi ertsmaenmeg 85isseegur0,rail_fence,3,36,2.0,18
this is a secret message number 1806,wsuerscsu8tatgbeirsm0ieen1seab6,columnar,gdleku,31,1.8235294117647058,17
this is a secret message number 1807,FGP XU Z WRTQS JWHUMFF FJONDS 187,vigenere,mzbxspc,33,1.5714285714285714,21
this is a secret message number 1808,ti sasec eigubr10hsi  ertmsaenme 88,rail_fence,2,35,2.0588235294117645,17
this is a secret message number 1809,UGMn JR F TDGWWUQ JKTZKJ OvTQGWS 1809,vigenere,bzefs,37,1.7619047619047619,21
this is a secret message number 1810,NKMH LD LMHGGUW PMRDKT QFRMDL 1810,vigenere,udepqdlflz,34,1.8888888888888888,18
this is a secret message number 1811,MABL BL TL XVKXM FXLLTZX GFUXK y1811,caesar,19,36,2.25,16
this is a secret message number 1812,ta  1h  tmen 8isseegur1isiaersajme2 csb,rail_fence,5,39,2.1666666666666665,18
this is a secret message number 1813,t ac s b1hswi  ertmsenme 83isseegur1,rail_fence,3,36,2.0,18
this is a secret message number 1814,ti sasce esg ubr11hsi  ertmmsaehe 84,rail_fence,2,36,2.25,16
this is a secret message number 1815,LZAK AK S KWUJWLo EWKKSYr FMETWJ 1815,caesar,18,37,1.9473684210526316,19
this is a secret message number 1816,FTUE UE M uEODQF YQEMSQ ZGYNQD 1816,caesar,12,35,1.9444444444444444,18
this is a secret message number 1817,ta 1 h  tmen 8sseegur1siersame7 csb,rail_fence,5,35,2.0588235294117645,17
this is a secret message number 1818,SGHRH R Z RDBQDS LDRRZFD MTkLADQ 1818,caesar,25,37,2.176470588235294,17
this is a secret message number 1819,amnesraeste1hesm9tsu1iegicsb,columnar,nmzcwhb,28,1.8666666666666667,15
this is a secret message number 1820,iQI LF IP HPAMJ PRBAQDH WCCYHE 1820,vigenere,njiqxd,35,1.5909090909090908,22
this is a secret message number 1821,tsce rhz ermseneb 1i ase sgub12s taj8,rail_fence,4,37,1.9473684210526316,19
this is a secret message number 1822,scsu8ieeni1rsmc2hsmertatgseab2,columnar,plbacz,30,1.875,16
this is a secret message number 1823,tseu2stetsranicsbamn8heskm3iegr,columnar,dwqmxfr,31,1.8235294117647058,17
this is a secret message number 1824,ta  1hh  tmen 8isseegru2siersame4 csb,rail_fence,5,37,2.0555555555555554,18
this is a secret message number 1825,KYZ ZJ R JVTIVK DVJJRXV ELDSVI 8125,caesar,17,35,1.9444444444444444,18
this is a secret message number 1826,OCDZ ZO J NuZJXVP VZNNHMV ADHWZY 1n826,vigenere,vvvhgrwnj,38,1.8095238095238095,21
this is a secret message number 1827,tscetgrhi ermsene 7i ase gsub12s tam8,rail_fence,4,37,2.0555555555555554,18
this is a secret message number 1828,KFF BJ I HXTPMG FVAQVX LCZQXI 1828,vigenere,ryinpt,34,1.619047619047619,21
this is a secret message number 1829,HVWG WG O GSQFSH ASGGOUS BIAnSF1 289,caesar,14,36,2.0,18
this is a secret message number 1830,pRZP EC X OOTOIP DBWOKXB JEYDIN 1830,vigenere,wkrxe,36,1.6363636363636365,22
this is a secret message number 1831,AVRO IE P ZSLNQT ATMZOPA NGAQYoY 18l3,vigenere,hojwmamopu,37,1.6818181818181819,22
this is a secret message number 1832,semgeblhaesu1istam8tsrsnriceee2,columnar,vmpgy,31,1.8235294117647058,17
this is a secret message number 1833,yirsm3ieen1tatgeaseab3hsmersscu8,columnar,nvhzau,32,1.8823529411764706,17
this is a secret message number 1834,hscmaur4sseseb8tietsnb3iargemn,columnar,qoxp,30,1.875,16
this is a secret message number 1835,DRSC SC K COMBOD WOCKQO XEWcLOB 1835,caesar,10,36,1.894736842105263,19
this is a secret message number 1836,t ac s b1hxsi  ertmseanme 86isseegu3,rail_fence,3,36,1.894736842105263,19
this is a secret message number 1837,bembg3tsrsnristam8iceee7haewsu1,columnar,nvpht,31,1.7222222222222223,18
this is a secret message number 1838,XLMW MW E WIVGIX QIWWhKIRYQFIV 1838,caesar,4,35,1.9444444444444444,18
this is a secret message number 1839,WLWPW W E PYQVHX JGYWDKS HIQEIF1 839,vigenere,deoxuoe,36,1.7142857142857142,21
this is a secret message number 1840,ta d h  tmen 8isseeugr4siersame0 csb,rail_fence,5,36,2.0,18
this is a secret message number 1841,ti sasce esg ubr14hsi  tertmsaenrm 81,rail_fence,2,37,2.176470588235294,17
this is a secret message number 1842,XLMW MW E WIGVgIX QInWWEKI dYQFIV 1842,caesar,4,38,1.9,20
this is a secret message number 1843,USJB FwT B IBDCFC JFDTJWB YdVRBS 1843,vigenere,blbjqx,37,1.85,20
this is a secret message number 1844,ta  1fh tmen 8isseegur4sieryame4 csb,rail_fence,5,36,1.894736842105263,19
this is a secret message number 1845,ti sasce esg ubr14hsi s ertmsaenme 85,rail_fence,2,37,2.0555555555555554,18
this is a secret message number 1846,AOPZ PZ H ZLJYLA ihTLZZHNq UBTILY 1846,caesar,7,38,1.8095238095238095,21
this is a secret message number 1847,JKVCdCT Q FOPLFN PRCFUHY QHWOY 1d847,vigenere,qdnknubu,36,1.6363636363636365,22
this is a secret message number 1848,tsec rhi ewmsene 8i asqe sgub14s tam8,rail_fence,4,37,1.9473684210526316,19
this is a secret message number 1849,BPQA QA I AMKZtBU MAAIOM VCUdMZ 1849,caesar,8,36,1.894736842105263,19
this is a secret message number 1850,tseu5ste1iqgrhsm0icsbam8nsrae,columnar,bjnyedu,29,1.6111111111111112,18
this is a secret message number 1851,ta  1h tmen 8isseegur5siergame1 csb,rail_fence,5,35,2.0588235294117645,17
this is a secret message number 1852,iceewe2tsrsnrsemg5bhaesu1istam8,columnar,hqujd,31,1.7222222222222223,18
this is a secret message number 1853,FXCV A M MHQAc CYVGSCH DOPPWN 1853,vigenere,mqudoswd,34,1.5454545454545454,22
this is a secret message number 1854,UcIJT JT B TFDSFU NFTTBHu ONCFS 1854,caesar,1,36,1.894736842105263,19
this is a secret message number 1855,OCN DN V NZXMZOf HZNNVBj IPHWZM 1855,caesar,21,36,1.894736842105263,19
this is a secret message number 1856,SCTE HN MR ZNDGS XQURVRQMPXNGQ 8156,vigenere,zvlmc,35,1.6666666666666667,21
this is a secret message number 1857,tsa h 1h  tmen 8isseegur5siersame7 cb,rail_fence,5,37,2.0555555555555554,18
this is a secret message number 1858,FTUE UE M EeQODQF YQrEMrQ ZGYNQD 1858,caesar,12,37,2.0555555555555554,18
this is a secret message number 1859,HVWG WG O GSQFSH ASGGOUS IBAPSF 1859,caesar,14,36,2.0,18
this is a secret message number 1860,at  1h  tme n8isseegur6sierasme0 csb,rail_fence,5,36,2.0,18
this is a secret message number 1861,FTUE dE M EQODQF YQEeEMSQ ZGYNQD 1861,caesar,12,37,1.9473684210526316,19
this is a secret message number 1862,RFGQ GQ Y QCAPCR CKQQYcEC LSKZCP 8162,caesar,24,37,1.9473684210526316,19
this is a secret message number 1863,tspe rhi ermsne 3i ase sgub16s tqm8,rail_fence,4,35,1.8421052631578947,19
this is a secret message number 1864,tsce rhi ermesne i asm sgub16s tam8,rail_fence,4,35,2.0588235294117645,17
this is a secret message number 1865,RFGQ GQ Y QyAPCR KQQYEC LSjZCP 1865,caesar,24,35,1.75,20
this is a secret message number 1866,TWYN NI Q SwTSMTY EbYSPWZ SKERKR1866,vigenere,apqvpfqsqg,36,1.894736842105263,19
this is a secret message number 1867,t ac s b1hsi  ertmsaneme8isseegur6,rail_fence,3,34,2.0,17
this is a secret message number 1868,BLL AAM I KvYFZGL PMUKUJM FOPJGJ 1868,vigenere,sudic,37,1.9473684210526316,19
this is a secret message number 1869,NBCM CM  UsMYWLYN GYMMUY HOGVYL 1869,caesar,20,36,2.0,18
this is a secret message number 1870,tsce rhi ermsene 0ia se sfwub17s tam8,rail_fence,4,37,1.9473684210526316,19
this is a secret message number 1871,NBCM CM  MWLYN GYMMUAY HOGVYL 171,caesar,20,33,2.0625,16
this is a secret message number 1872,IXH XH P HTRGTI BTHHPVT CJBQTG r72,caesar,15,34,2.125,16
this is a secret message number 1873,irg1sm3uhcprtesegee8aemssbitn7,columnar,skfuzivy,30,1.6666666666666667,18
this is a secret message number 1874,NBCM C U MYWLYN GYMMUAY HOfVYL 8174,caesar,20,35,1.8421052631578947,19
this is a secret message number 1875,WKLcV LV D VHFUH WPHVVDJHcQXPEHU 1875,caesar,3,37,1.9473684210526316,19
this is a secret message number 1876,DsSC S K COMBODW OCCKQO XEWLOB 1876,caesar,10,35,1.9444444444444444,18
this is a secret message number 1877,HVWG WG O GSQFpH ASGGOUS BIAPSFr 187k,caesar,14,37,1.85,20
this is a secret message number 1878,HYBV TQ R VENPSK PEDevOXXq NFKPVK 1878,vigenere,ortdaly,38,1.6521739130434783,23
this is a secret message number 1879,tsce hi ermkene 9i ase ksgub17s tam8,rail_fence,4,36,1.894736842105263,19
this is a secret message number 1880,ti sasce esg uar18hsi  ertlasenme 80,rail_fence,2,36,2.1176470588235294,17
this is a secret message number 1881,KYZJ ZJ R JVTIVK DVJRXVELDSV I1881,caesar,17,34,2.125,16
this is a secret message number 1882,TXNV OS F AKHJW SEIXDOK DZPJKbk1882,vigenere,aqfdig,35,1.5217391304347827,23
this is a secret message number 1883,ZRLQ V JG VCUEVAh WHQKNXL XXTRI 1883,vigenere,gkdysnrh,36,1.565217391304348,23
this is a secret message number 1884,iceee4ahesyu1istam8tsrsnrsemgbt8,columnar,ochwa,32,1.8823529411764706,17
this is a secret message number 1885,ieen1seabs5csu8irsm8tatgehspmmer,columnar,wxdrsk,32,1.8823529411764706,17
this is a secret message number 1886,ONFI JU Mt NZKHFU TQWNGDU OWTNIMc1886,vigenere,vgxqbbchme,37,1.7619047619047619,21
this is a secret message number 1887,OCDN DN V NZXMZO HZNNBVZ IPHW 1887,caesar,21,34,2.0,17
this is a secret message number 1888,ttgehserseab8gscsu8irsm8ieen1,columnar,ajystl,29,1.9333333333333333,15
this is a secret message number 1889,ta  1h  tmen 8isseger8siersme9 csb,rail_fence,5,34,2.125,16
this is a secret message number 1890,IXWhH XH P HRTGTI BTHHPVT CJBQTG 1890,caesar,15,37,1.9473684210526316,19
this is a secret message number 1891,t ac s b1hsi  ertsmaenme 81isseegur9,rail_fence,3,36,2.1176470588235294,17
this is a secret message number 1892,sre8laemsmu2ssbir1tesehcaritn9,columnar,mqjazfci,30,1.7647058823529411,17
this is a secret message number 1893,smu3seei8rg1aemteseign9ssbchar,columnar,rulesdnt,30,1.7647058823529411,17
this is a secret message number 1894,EuSTD TD L DPNCPE XPDDLRP YFlxMPC 1894,caesar,11,38,1.8095238095238095,21
this is a secret message number 1895,a  1h  tmen8isseegur9siersaem5 csb,rail_fence,5,34,1.8888888888888888,18
this is a secret message number 1896,SGHR HR Z iRDBDQS LDRRZFD MTLDAQ 1896,caesar,25,37,1.9473684210526316,19
this is a secret message number 1897,t ac s b1hsi  ertmsaenme 87issegsu9r,rail_fence,3,36,2.0,18
this is a secret message number 1898,FTUE UE e EQODQFYQEEbMSQ ZGYNQD 1898,caesar,12,36,1.894736842105263,19
this is a secret message number 1899,PSSf VZj U DOFTRA GzADCDIR JOIMOU 1899,vigenere,wlkdcnhwu,38,1.6521739130434783,23
this is a secret message number 1900,piaregm1hscmaur0tietsnes0sseesb9,columnar,lcbu,32,1.8823529411764706,17
this is a secret message number 1901,iegricsbsrafeste1tseu0hesm1amend,columnar,uwqsdty,32,1.8823529411764706,17
this is a secret message number 1902,SGHR HR Z RDQDS LDRRZF MTLADQ 1902,caesar,25,34,2.0,17
this is a secret message number 1903,tsrsnrsesmbg0istam9haesu1icee3,columnar,aroiv,30,1.7647058823529411,17
this is a secret message number 1904,HBJQ MT W GYDPYX LAGUHC RVLXLF 1h904,vigenere,oubyuebzwh,36,1.44,25
this is a secret message number 1905,STDR DR V EZBDZS HDENZSZ ZLPNZQ 1905,vigenere,zmv,36,2.0,18
this is a secret message number 1906,CNK PO R KXJNtK EXZOUXY GBIVVL 1906,vigenere,urusthw,35,1.5217391304347827,23
this is a secret message number 1907,VJKU KU C UGEbTGV OiGUUCIG PWDOGT 1907,caesar,2,38,1.9,20
this is a secret message number 1908,t ac s b1hsi  ehtmsaenmeb98isseegu0,rail_fence,3,35,2.0588235294117645,17
this is a secret message number 1909,tssrsemgb0istam9iceee9hyesu1,columnar,bzgfu,28,1.75,16
this is a secret message number 1910,UIJT JT B TFDSFU NFTTBHcF OVNCFS j910,caesar,1,37,1.9473684210526316,19
this is a secret message number 1911,ta  1h  tmen 9isseegursiresame1 csab,rail_fence,5,36,2.25,16
this is a secret message number 1912,icveee2semgfb1haesu1istam9tsrsnr,columnar,vkmeb,32,1.7777777777777777,18
this is a secret message number 1913,seab3scsu9ieen1tatgeirss1hsmer,columnar,uxkiwb,30,1.875,16
this is a secret message number 1914,iceee4semgb1tcrnsristam9haes1u,columnar,szyqm,30,1.875,16
this is a secret message number 1915,NCBM CM U MYWkYN dYMMUAY HOGVYL 1915,caesar,20,36,1.894736842105263,19
this is a secret message number 1916,x ac s b1hsf  ertmsaenme 96iseegur1,rail_fence,3,35,1.8421052631578947,19
this is a secret message number 1917,CQRB RB J BLNACN VNBBJPN WDVKNA1917,caesar,9,35,2.0588235294117645,17
this is a secret message number 1918,NCM pCM U MYWLYN GYMMdAY HOGVYL 1918,caesar,20,36,2.0,18
this is a secret message number 1919,ieen1irsm1scsu9tatgosmerbseab9,columnar,wxitqy,30,2.0,15
this is a secret message number 1920,tsce khi erysene 0i ae sgub12s tam9,rail_fence,4,35,1.75,20
this is a secret message number 1921,RCIQ DC Y SCAMxO HEQQVQM aUKZZB 1921,vigenere,yvayyvki,36,1.565217391304348,23
this is a secret message number 1922,NOY OY G YKIXKZS KYYGMK TASHK 1922,caesar,6,34,2.0,17
this is a secret message number 1923,YPHK MB I KGGAJB EGWBFOtD PYVMGQ1 923,vigenere,fizscej,37,1.608695652173913,23
this is a secret message number 1924,ESTD TD  DPNCE XPDDLRP YbFXMPC 1924,caesar,11,35,1.8421052631578947,19
this is a secret message number 1925,CQRBR B J yNLANC VNBBJPN WDVKNA 192y,caesar,9,36,2.0,18
this is a secret message number 1926,semgt2tsrsnrhaes1uistam9iecee6,columnar,djtcz,30,1.875,16
this is a secret message number 1927,HWG WG O GSQFS HASGGOUS BIAPS 1927,caesar,14,34,2.0,17
this is a secret message number 1928,ta  1h  tmen 9ssseegupr2siersae8 csb,rail_fence,5,36,1.894736842105263,19
this is a secret message number 1929,MHCNcBS V LEWMRM GZFLAA GUGWRK 1992,vigenere,tauvn,35,1.5909090909090908,22
this is a secret message number 1930,tea  1h  tmen 9isseegur3sziersame0 sb,rail_fence,5,37,2.0555555555555554,18
this is a secret message number 1931,SHHC XE ACPRDDT iWPHEGD YJYAEQ 1931,vigenere,zazklpm,35,1.75,20
this is a secret message number 1932,GAITw VoL BvFXCSRG MFFFTGF ANMCRE 1932,vigenere,ntabn,38,1.6521739130434783,23
this is a secret message number 1933,RFGQ GQ Y QCAPCR KCQaYEC LKZC 1933,caesar,24,34,2.0,17
this is a secret message number 1934,RFGQ GQ Y QCAPCR KCQQYCE LSKZCP b943,caesar,24,36,2.0,18
this is a secret message number 1935,JXxI YI Q IUSHUJ CIIQW DKCRUH 1935,caesar,16,34,1.7894736842105263,19
this is a secret message number 1936,t acds b1hsi ertmsaenme 96isseepur3,rail_fence,3,35,1.8421052631578947,19
this is a secret message number 1937,JXYIY IsQ IUSdUJ CUIIQWU DKCRUH 1937,caesar,16,36,1.8,20
this is a secret message number 1938,itn3aemssbhcarirg1smu8see9tsee,columnar,zkluashi,30,1.7647058823529411,17
this is a secret message number 1939,iceee9istsam9semgbthaesu1tsrnr,columnar,yteoc,30,2.0,15
this is a secret message number 1940,RQYZN G I BJUMJH UCBIHBJ NCKKUY 140,vigenere,yjqhvfoai,35,1.9444444444444444,18
this is a secret message number 1941,OCbDN DN V NZXMZO HZNoVBZ IPHWZM 194o,caesar,21,37,1.9473684210526316,19
this is a secret message number 1942,ZNOY OYG  YKIXKZ SKYYGMK nTASHXK 1942,caesar,6,37,1.9473684210526316,19
this is a secret message number 1943,tsce rhai ermseene 3i axse sgub14s tam9,rail_fence,4,39,2.0526315789473686,19
this is a secret message number 1944,ZtBL OIR  LIIHK FIYIGXX RACHVK 1944,vigenere,grttegq,35,1.75,20
this is a secret message number 1945,ti sasce esg ubr14qi  ertmsanme 95,rail_fence,2,34,1.8888888888888888,18
this is a secret message number 1946,cthsce rhi ermsene6 i ase sgub14s tam9,rail_fence,4,38,2.111111111111111,18
this is a secret message number 1947,RFGQ QiG Y QCAPCR KCQQzYEC LSKZCP 1947,caesar,24,38,1.9,20
this is a secret message number 1948,HCEt EG W XAQqMAH ISNOOLA eIQAGAF 1948,vigenere,ovwofw,38,1.6521739130434783,23
this is a secret message number 1949,hscma9tietsnecsseseb9iaregm1,columnar,gcvp,28,2.0,14
this is a secret message number 1950,PDEO EO W OAYNAP IAzOOWCv JQIXAN 195,caesar,22,36,1.894736842105263,19
this is a secret message number 1951,LZkK AK S KWUJWL EoKKSYW FMETWJ 1915,caesar,18,36,1.894736842105263,19
this is a secret message number 1952,YFMY GN E XCGXcr WIRXYKK aPWFDW 1952,vigenere,fyegmyvkez,36,1.6363636363636365,22
this is a secret message number 1953,KYZJ ZJ RpJVcIVK DVJJRXV EDSVI 1953,caesar,17,35,1.9444444444444444,18
this is a secret message number 1954,CMHRJY V XDBTFZ HNXwRZFI LPVGDQ 1954,vigenere,jfzzcbgyv,36,1.44,25
this is a secret message number 1955,tsce rhi ermsene 5i apseo sgub15s talm9,rail_fence,4,39,1.95,20
this is a secret message number 1956,amn9tseu5iekgrsreahehm6icsbste1,columnar,gxyumza,31,1.7222222222222223,18
this is a secret message number 1957,ti sasce esg nbr15hsi  rtmsanme 97,rail_fence,2,34,2.0,17
this is a secret message number 1958,lhesm8sraetsu5iegrsie1amn9icsb,columnar,eaychir,30,1.6666666666666667,18
this is a secret message number 1959,DXKJ S CCZOMHGKjWOIURNO DWDIOB 1959,vigenere,kqcrhk,35,1.5909090909090908,22
this is a secret message number 1960,tscbe rhi esrmsxne 0i ase sgub16s tam9,rail_fence,4,38,2.0,19
this is a secret message number 1961,MlABL BL T LXVKXM FXLLXT GNFUXK 1961,caesar,19,36,2.1176470588235294,17
this is a secret message number 1962,FTUE UEoM EQDQF YQrEMSQ ZGYNQD 1962,caesar,12,35,1.8421052631578947,19
this is a secret message number 1963,la  1h  ltmen 9isseegur6siersame3 csb,rail_fence,5,37,1.9473684210526316,19
this is a secret message number 1964,XLW MW yy WIGVIX QIWWEKI RYQFIV 1964,caesar,4,36,1.894736842105263,19
this is a secret message number 1965,KYZJ wJ R JVTIVK DVJRJXVELDSVI 1965,caesar,17,35,1.8421052631578947,19
this is a secret message number 1966,istam9ceee6haesu1segmb6strsnr,columnar,yqeuj,29,1.8125,16
this is a secret message number 1967,amn9iegxrseu6icsbhesm7fte1srae,columnar,dievbra,30,1.5789473684210527,19
this is a secret message number 1968,iaregm1sjeseb9hscmuar8tietysne6,columnar,xwkt,31,1.631578947368421,19
this is a secret message number 1969,ta c s b1hsi  ertmsaenmeu 99ikseegur6,rail_fence,3,37,2.0555555555555554,18
this is a secret message number 1970,tsce rhie rkmsene 0ic ase sgub17s tam9,rail_fence,4,38,2.0,19
this is a secret message number 1971,MQZG QB V LNTFKB XZALJXS rDXWMiK 1971,vigenere,tjrogijlvi,37,1.608695652173913,23
this is a secret message number 1972,BPQ AQA x AMKZBM UMAAIOM VCUJMZ 1972,caesar,8,36,1.894736842105263,19
this is a secret message number 1973,t ac s b1hsi  ertmaene 9x3isseegur7,rail_fence,3,35,1.8421052631578947,19
this is a secret message number 1974,WKLV LV D VHFUeHW PHVVDJkH QXPEHU 197p,caesar,3,38,1.9,20
this is a secret message number 1975,XLMW MW E WIGVIXq QIWWmKI RYQFI 1975,caesar,4,36,1.8,20
this is a secret message number 1976,oRGX VY B MOAWPG WFWMKEJAAWCIL1976,vigenere,ukyflngkbe,34,1.4166666666666667,24
this is a secret message number 1977,saeamn9icsbtse1hesm7iegrtseuu7,columnar,pjdaoib,30,1.875,16
this is a secret message number 1978,QnEFP FP X xBZOBQ JBPvPXDB KRJYBO 1978,caesar,23,38,1.8095238095238095,21
this is a secret message number 1979,IBMN UV W MIXBQW ITMWpVQQ zQBVMI 1979,vigenere,puevkmdow,37,2.3125,16
this is a secret message number 1980,GUVF Vz N PRERG ZRFFNTR AHZORE 1980,caesar,13,35,1.8421052631578947,19
this is a secret message number 1981,t axc s b1hsie  ertmsaenme 91isseegur,rail_fence,3,37,2.176470588235294,17
this is a secret message number 1982,t ac s b1hsi  ertmsaenmy9yisseegur8,rail_fence,3,35,1.9444444444444444,18
this is a secret message number 1983,JAOM YL U IXIgKJ SYYITMY uwNSVKH 1983,vigenere,qtgug,37,1.608695652173913,23
this is a secret message number 1984,QEFP FP X PbZuBQ JBPPuDB KRJYBO 1984,caesar,23,36,1.8,20
this is a secret message number 1985,ZYHL HQ G RXiQZTZ DDLGIVpK ETFPMG 1985,vigenere,grztoipg,38,1.5833333333333333,24
this is a secret message number 1986,trce rhi ermsene 6i asel sgub18s atm9,rail_fence,4,37,1.9473684210526316,19
this is a secret message number 1987,see9tseeitn8irg1hacrssbsm7uaem,columnar,bpoaitxr,30,1.7647058823529411,17
this is a secret message number 1988,EAFP SB M LBZQOxC YPLPXFO DGUBO 19h88,vigenere,ltxxzkjqm,37,1.608695652173913,23
this is a secret message number 1989,KYZJZJ R JVTIVK DVJJRXV vELDSVIl 1989,caesar,17,37,1.9473684210526316,19
this is a secret message number 1990,aemtesesu0see9ir1gitn9ssbhcr,columnar,fwkjqhdr,28,1.75,16
this is a secret message number 1991,t ac s b1hsi  ertmsavmne 9b1isseegur9,rail_fence,3,37,2.176470588235294,17
this is a secret message number 1992,HVWhG WG O GSFSH ASGGOUS BIAPqF 1992,caesar,14,36,2.0,18
this is a secret message number 1993,SPFF IB ZP RBRR UBFRAPC VRZAEk 1993,vigenere,zixnzajy,35,2.0588235294117645,17
this is a secret message number 1994,YMNX NX F JHWJY RJXXFLJ SZRGJW bu994,caesar,5,36,2.0,18
this is a secret message number 1995,aemtqiseitn9irg1see9smqu5hcarssb,columnar,dtglemcw,32,1.8823529411764706,17
this is a secret message number 1996,pamn9hsm6sraeste1tpseu9iegricsb,columnar,jbxeoia,31,1.8235294117647058,17
this is a secret message number 1997,t ac s b1hi  ertmsbenme 97isseegvur9,rail_fence,3,36,2.0,18
this is a secret message number 1998,XPJR QT E TDGZFS UFRWhIH VVLFMS u998,vigenere,eibz,36,1.5,24
this is a secret message number 1999,tscerhi ermsene 9i uase sgub19s tam9,rail_fence,4,36,2.25,16
